Normal,Simple,SARI,METEOR,ROUGE_F,BLEU,SPEARMAN_CORRELATION,PEARSON_CORRELATION
"Ed è così , infatti",Ed infatti così è stato,73.1151,0.6313,0.0,25.4,0,0
Nel mio caso si tratta di questo,In questo caso si tratta di un ulteriore caso,82.5,0.7812,0.7143,58.7,0,0
Tuttavia forse c' è una spiegazione,C'è una spiegazione plausibile,27.7778,0.83,0.6667,24.9,0,0
Ma c' è un altro nodo da sciogliere,Il vero nodo da sciogliere era un'altro,47.0833,0.2904,0.1538,12.6,0,0
"Quanto alle spese di giudizio , ricorrono giusti motivi per compensar- le interamente tra le parti",Ricorrono giusti motivi per compensare integralmente tra le parti le spese di giudizio,90.408,0.9209,0.8333,84.2,0,0
"Aidan stava sudando perché era caldo, ed era fuori allenamento","Aidan stava sudando perché era molto caldo, ed era fuori di allenamento",36.2963,0.9722,0.7,59.2,0,0
"Si , ma è un processo lento",è comunque un processo lento,100.0,0.996,1.0,100.0,0,0
Ma non è una cosa così scontata,Ma non deve essere così semplice,32.7976,0.098,0.0,4.1,0,0
"Anche in considerazione della sua articolata attività didattica , la Commissione esprime un giudizio positivo","Anche in considerazione della ampia attività didattica, la Commissione esprime un giudizio pienamente positivo",79.2744,0.9423,0.8889,82.0,0,0
Anche questo è un segno dei tempi,è il segno dei tempi,59.213,0.6356,0.5714,32.6,0,0
Però c' è anche una buona notizia,Ed è una buona notizia,100.0,0.996,1.0,100.0,0,0
Ma tutto adesso appartiene al passato,Ormai tutto ciò appartiene al passato,66.6667,0.7353,0.4444,30.2,0,0
Ma non farei di ogni erba un fascio,Non fare di tutta l'erba un fascio,54.213,0.5068,0.7143,17.0,0,0
Le porte sono aperte,Tutte le porte sono aperte,63.6111,0.8203,0.6667,40.9,0,0
Ma non è uno scherzo,Non è stato uno scherzo,100.0,0.996,1.0,100.0,0,0
"I generi alimentari , ricevuti dall' esterno o acquistati , non devono eccedere in quantità il fabbisogno mensile di una persona","I generi alimentari, provenienti dall'esterno o dall'azienda, non devono eccedere in quantità il bisogno mensile di una persona",36.1397,0.6707,0.6111,36.7,0,0
Ma forse non è neppure questo il punto,Ma non è il punto,100.0,0.996,1.0,100.0,0,0
In tal caso l' importo applicabile non può superare quello applicabile alla destinazione indicata sul titolo,"In tal caso, l'importo non può superare quello applicabile relativamente alla destinazione indicata nel titolo",62.8627,0.8243,0.8966,61.3,0,0
"_ * "" Maxx : Sempre a riguardo del tuo lato tecnico : Hai seguito qualche corso di disegno in particolare o sei completamente autodidatta",""" Maxx - sempre a riguardo del tuo lato tecnico : hai seguito qualche corso di disegno in particolare o sei completamente autodittabile",46.362,0.9045,0.9474,65.3,0,0
articolo 3 infine reca le disposizioni transitorie e finali,"L'articolo 3 reca, infine le disposizioni transitorie e finali",50.1389,0.6471,0.75,31.2,0,0
"Sussistono , tuttavia , giusti motivi per compensare fra le parti le spese del doppio grado di giudizio",Sussistono giusti motivi per compensare tra le parti le spese del doppio grado di giudizio,65.6317,0.7087,0.6,46.4,0,0
Brian Cowen è l'attuale Taoiseach dell'Irlanda,Brian Cowen è il Taocete dell'Irlanda,23.6111,0.3775,0.1538,21.6,0,0
"Anche in questo caso, l'utilizzo affidabile consente fino a 50 spazi alla volta",Anche in questo caso l'utilizzo è consentito fino a 50 posti alla volta,16.9298,0.6964,0.64,29.6,0,0
Questo film è decisamente da vedere,Il film è da vedere,58.7963,0.4642,0.5,17.0,0,0
Non è solo una provocazione,Non è stata una semplice provocazione,61.1111,0.526,0.0,10.7,0,0
"L' idea , insomma , è semplice","L'idea è semplice, antica e modernissima",57.4074,0.3727,0.4444,24.4,0,0
"Vi è , inoltre , un' altra questione",Ma la questione è un'altra,62.7381,0.4991,0.8571,21.4,0,0
"si preme insert più 6 , tastiera estesa","si premette inserzioni più 6, 0",37.4537,0.2679,0.1818,13.1,0,0
E questa qui è una cosa grave,E fu una cosa grave,55.6944,0.5515,0.4444,28.6,0,0
"Propone , quindi , alla Commissione di esprimere parere favorevole",Propone alla Commissione di esprimere un parere favorevole,50.3373,0.7031,0.4286,38.3,0,0
Dopo l' articolo 15 aggiungere : Art,Dopo l'articolo 15 aggiungere il seguente : « Art,48.2035,0.735,1.0,67.2,0,0
Certamente la risposta sarebbe negativa,La risposta fu categoricamente negativa,66.6667,0.3758,0.2222,19.4,0,0
"Pur essendo un insediamento rurale, si trova a breve distanza da Glasgow e funge da città dormitorio","Anche essendo un insediamento rurale, si trova a breve distanza da Glasgow e dal capoluogo",27.3426,0.7258,0.7333,69.9,0,0
Come dire : due piccioni con una fava,Come dire : due picci con unafava,13.8889,0.3995,0.3636,13.5,0,0
Non si poteva fare di più,Di più non potevo fare,66.6667,0.535,0.2222,10.4,0,0
Non faccio del male a nessuno,Ma non volevo far del male,100.0,0.9977,1.0,100.0,0,0
A chi si presenta la domanda,A chi si presenta la domanda,41.6667,0.5011,0.2222,18.0,0,0
è semmai vero il contrario,Era vero esattamente il contrario,61.3095,0.5111,0.2857,23.6,0,0
C' è tanta strada da fare ancora,La strada da fare è ancora molta,82.5758,0.7577,0.7273,53.3,0,0
"Nel merito , la questione è fondata",Nel merito la questione è fondata,100.0,0.9977,1.0,100.0,0,0
"Un appuntamento , quello di stasera , da non perdere , dunque",Un appuntamento da non perdere,66.6667,0.8203,0.6667,40.9,0,0
Il resto è opinabile,Il resto è stato tutto semplice,66.6667,0.5773,0.2857,30.2,0,0
Per ogni membro effettivo può essere nominato un supplente,Per ogni membro effettivo è nominato un supplente,66.6667,0.8648,0.7692,50.0,0,0
"Il codice quindi non viene compilato bensì c'è un interprete (in JavaScript lato client esso è incluso nel browser che si sta utilizzando) che esegue riga per riga, a tempo di esecuzione, quanto trascritto nello script","Il codice quindi non viene compilato unicamente nel browser che esso ospita, in quanto c'è stato un traduttore ( in inglese, francese o trascritto nello Script ) che effettua esplicitamente, a tempo di esecuzione, quanto è essenziale lo script",26.6469,0.6379,0.3881,31.5,0,0
"Nata nel 1701 , morì nel 1771",Nata nel 1701 morì nel 1771,79.5503,0.83,0.8,76.0,0,0
"Dunque , al danno si aggiunge la beffa",Al danno si vuole davvero aggiungere la beffa,100.0,0.999,1.0,100.0,0,0
"Infatti , i casi sono due",I casi possono essere due,100.0,0.996,1.0,100.0,0,0
"La seduta è tolta ( ore 13,05","La seduta è tolta alle ore 13, 05",81.9444,0.8314,0.6667,58.7,0,0
"Conseguentemente , all' articolo 15 , comma 4 , sopprimere la lettera e","All'articolo 15 : al comma 4, la lettera b ) è soppressa",57.7537,0.7165,0.8235,66.5,0,0
Una spiegazione c' è : marketing,Ma c'è una spiegazione,54.8611,0.8067,0.3333,12.4,0,0
è questo il senso della mia vita,La vita è il senso,55.1852,0.75,0.3333,23.6,0,0
Compensa integralmente tra le parti le spese dei giudizi riuniti,Compensa le spese del giudizio tra le parti,79.5455,0.7773,0.6667,30.5,0,0
"Mi sorge , però , spontanea una domanda",E una domanda mi sorge spontanea,53.5185,0.7353,0.4444,23.0,0,0
"In caso di parità di voti , prevale quello del presidente",Nel caso di parità prevale il voto del presidente,76.3425,0.888,0.875,86.3,0,0
Naturalmente non può far questo da solo,Ma non può fare da solo,88.1944,0.83,0.8,76.0,0,0
"Certo , ma il problema è quello dell' approccio",Il problema è quello dell'approccio,50.1389,0.4991,0.25,32.6,0,0
C' è ancora del lavoro da fare,Ma c'è ancora molto lavoro da fare,64.9272,0.8179,0.5455,30.7,0,0
Si noti che la somma dei residui all'interno di un campione casuale è necessariamente nulla e quindi i residui non sono necessariamente indipendenti,Si noti che la somma dei residuo all'interno di un campione casuale è Impossibile e quindi i residuo non sono assolutamente indipendenza,43.0941,0.6186,0.5,37.3,0,0
"La WWE ha riferito di aver sospeso dieci wrestler citati nella controversia, anche se Batista non era uno di loro","La WWE ha inoltre sospeso 10 wrestler pesanti nella controversia, anche se Batista non era uno dei loro sostenitori",48.5841,0.6471,0.4118,37.5,0,0
Il vero problema potrebbe quindi essere un altro,Il problema fu un altro,59.2262,0.4642,0.5,10.4,0,0
Questi è altresì l' opera d' arte,L'opera è veramente l'opera,20.9722,0.0658,0.25,9.7,0,0
"Dopo l' articolo 17 , aggiungere il seguente : Art",Dopo l'articolo 17 aggiungere il seguente : « Art,65.7639,0.735,1.0,67.2,0,0
La questione non è fondata,Entrambe le questioni non sono fondate,42.9167,0.0725,0.0,6.9,0,0
Non lo può assolutamente fare,Non potevamo fare assolutamente niente,100.0,0.996,1.0,100.0,0,0
Ulteriori informazioni si trovano sul sito,Potrete trovare maggiori informazioni sul sito,65.4762,0.6464,0.3636,16.3,0,0
Ma questo è solo il mio punto di vista,è il nostro punto di vista,93.5877,0.8676,0.8889,84.6,0,0
La commissione esaminatrice dispone complessivamente di 100 punti così ripartiti : 60 punti per i titoli ; 40 punti per le prove di esame,"La commissione dispone complessivamente di 100 punti, così ripartiti : 60 punti per titoli ; 40 punti per le prove d'esame",69.7076,0.8498,0.9231,79.7,0,0
Così non si va da nessuna parte,"Perciò, non puoi andare da nessuna parte",75.6944,0.7806,0.5455,34.6,0,0
"L' appello , pertanto , è infondato e va respinto",L'appello principale è perciò infondato e va respinto,36.8666,0.5011,0.4615,23.4,0,0
"Allora , qual è la mia conclusione",Quali sono le mie conclusioni,53.5714,0.0,0.0,5.3,0,0
Ora non si vuol fare di ogni erba un fascio,Non facciamo di tutta un'erba un fascio,66.8981,0.6692,1.0,42.4,0,0
Ma forse le cose stanno davvero cambiando,Oggi forse le cose stanno per cambiare,45.5556,0.5662,0.4,24.4,0,0
"Conseguentemente , propone di esprimere parere favorevole",Propone infine di esprimere un parere favorevole,100.0,0.9985,1.0,100.0,0,0
"Negli altri casi , non vale",In altri casi non vale,65.2778,0.5111,0.25,23.6,0,0
Spesso anzi è prevista anche un' indennità di frequenza per i partecipanti,è prevista un'indennità di frequenza per i partecipanti,57.0599,0.7773,0.7143,52.5,0,0
"Era , però , un gioco di parole",È stato solo un gioco di parole,70.8333,0.9308,0.75,41.1,0,0
Sarebbe un discorso lungo,è solo un discorso lungo,51.6667,0.3,0.0,14.1,0,0
La documentazione di spesa deve essere trattenuta presso la sede del consorzio export per essere messa a disposizione del Ministero per eventuali controlli,La documentazione di spesa deve essere trattenuta presso la sede del consorzio per eventuali controlli,44.8763,0.6162,0.6857,54.3,0,0
"Il problema , quindi , non è facile da risolvere",Il problema non è facile da risolvere,78.6645,0.9654,0.6667,41.1,0,0
"Mi viene un dubbio , allora",Ora mi viene un dubbio,39.5833,0.5111,0.2857,23.6,0,0
"L' attività didattica è rilevante , pertinente e ben documentata",L'attività didattica è pertinente e prolungata,34.9008,0.4046,0.4,16.3,0,0
Ma un passo avanti avanti è stato fatto,Il passo è stato fatto,20.0926,0.1299,0.0,8.5,0,0
MA NON è questo il punto,Ma non è il punto,100.0,0.996,1.0,100.0,0,0
Semmai è proprio il contrario,Semmai è vero il contrario,61.1111,0.375,0.2857,21.4,0,0
"E la notizia , ovviamente , ha fatto il giro del mondo",E subito la notizia ha fatto il giro del mondo,81.4542,0.9747,0.875,63.9,0,0
"Sussistono , tuttavia , giusti motivi per disporre la integrale compensazione tra le parti delle spese dei due gradi di giudizio",Sussistono giusti motivi per disporre la integrale compensazione fra le parti delle spese dei due gradi di giudizio,60.5423,0.9437,0.8824,83.9,0,0
La presente legge regionale è dichiarata urgente ai sensi dell' articolo 45 dello Statuto ed entra in vigore il giorno successivo a quello della sua pubblicazione sul Bollettino Ufficiale della Regione Piemonte,La presente legge è dichiarata urgente ai sensi dell'articolo 45 dello Statuto ed entra in vigore il giorno successivo alla sua pubblicazione sul Bollettino Ufficiale della Regione Piemonte,39.7562,0.8267,0.7925,66.3,0,0
"Vedi la nota su 2 , 17","Vedi nota su 2, 17",26.8939,0.3922,0.0,11.5,0,0
La preventiva richiesta deve essere motivata e documentata,La richiesta deve essere motivata e documentata,66.0256,0.8552,0.8333,80.9,0,0
"Credevo , di essere una persona reale",Credevo di essere una persona reale,100.0,0.9977,1.0,100.0,0,0
Ci sarà pure un modo,Ci deve essere un modo,100.0,0.996,1.0,100.0,0,0
articolo 563 del codice di procedura civile è abrogato,L'articolo 563 del codice di procedura civile è abrogato,22.8686,0.6406,0.75,45.9,0,0
E l' una ragione è questa,E l'una ragione è questa,54.3651,0.5111,0.0,23.6,0,0
"All' articolo 3 , dopo il comma 7 è aggiunto il seguente : "" 8","Dopo il comma 3 dell'articolo 7 è aggiunto il seguente : "" 8",20.5428,0.6838,0.6,38.8,0,0
Questo è solo il primo passo,è stato il primo passo,100.0,0.996,1.0,100.0,0,0
Che dunque c' è una speranza,Ma c'è una speranza,40.9722,0.8535,0.5714,12.8,0,0
Ma questo è solo un pensiero malizioso,Ma è solo un mio pensiero,49.7685,0.6189,0.0,19.3,0,0
E questo mi fa molto piacere,E questo mi ha fatto molto piacere,63.6574,0.8379,0.3636,29.1,0,0
Non è questo il senso,Non è il senso vero,66.6667,0.6356,0.2857,10.4,0,0
Questo è un punto estremamente critico,Questo è un altro punto incerto,66.6667,0.625,0.25,32.5,0,0
Questa sarebbe una forma di razzismo,è una forma di razzismo anche questa,56.7328,0.7934,0.4444,18.6,0,0
Questa è una strana sensazione,è comunque una sensazione strana,68.5185,0.535,0.2857,20.8,0,0
"Nel 1895 circa, William Doble migliorò la forma della benna semicilindrica di Pelton con una benna ellittica che includeva un taglio per consentire al getto un ingresso più pulito nella benna","Nel 1895, William Dodgson migliorò la forma della bennahmrica di Pelton con una ben visibile e un taglio più profondo nella benna",12.8834,0.5181,0.3529,19.1,0,0
Il dado è stato tratto,Eppure il dado è tratto,54.3651,0.5111,0.2857,23.6,0,0
Non c' è bisogno,Non c'era alcun bisogno,56.6667,0.4406,1.0,27.5,0,0
Parere favorevole con osservazioni ) Si riprende l' esame sospeso nella seduta pomeridiana del 16 aprile,Parere favorevole con osservazioni ) Riprende l'esame sospeso nella seduta del 16 aprile scorso,68.9962,0.8213,1.0,72.9,0,0
"In realtà , tuttavia , le cose stanno diversamente","In realtà, le cose stanno proprio così",39.8611,0.7806,0.7273,25.8,0,0
Ma la cosa non ha funzionato,Ma la cosa non ha funzionato,37.5,0.1961,0.0,9.7,0,0
"In sintesi può assegnare alla capacità didattica del candidato , nell' ambito della valutazione comparativa , il giudizio di eccellente",In sintesi il giudizio complessivo del candidato è assegnato alla capacità didattica del candidato,37.1404,0.4775,0.4138,25.6,0,0
2 ) - L' appello è fondato,2 ) L'appello è fondato,27.0833,0.4331,1.0,23.6,0,0
Richiesta una buona conoscenza della lingua inglese e tedesca,è richiesta una buona conoscenza della lingua inglese,73.5149,0.8919,0.7692,67.5,0,0
Questo è per me un punto irrinunciabile,Per me è un punto fermo,100.0,0.9977,1.0,100.0,0,0
"Ringraziando- vi per l' attenzione , attendo una vostra cortese risposta",Vi ringrazio per l'attenzione ed attendo una cortese risposta,47.9828,0.413,0.4444,12.8,0,0
C' è un pò di tutto,Ma c'è un ma,45.9722,0.9977,1.0,27.5,0,0
Non saprei proprio da dove cominciare,Non so da dove cominciare,40.463,0.5515,0.4,26.7,0,0
Questa è una presa per i fondelli,è una vera presa per i fondelli,43.5185,0.8413,0.6,48.9,0,0
Però insomma : la verità sta nel mezzo,La verità sta nel mezzo,100.0,0.996,1.0,100.0,0,0
"La verità è stata una , però",Però la verità è ben altra,61.8056,0.7011,0.3333,16.2,0,0
Vale la pena di visitar- lo,Vale la pena visitar - lo,46.2963,0.526,0.6667,19.3,0,0
"Ma il problema attuale , forse , è un altro ancora",Il problema attuale è un altro,53.8889,0.625,0.4444,23.0,0,0
Ci può fare un esempio,Può fare un esempio pratico,17.9167,0.5111,0.25,12.7,0,0
A cosa potrà servir- le,A cosa potrà servir - le,52.7778,0.4259,0.2222,16.2,0,0
"Il gioco , tuttavia , vale la candela",Ma il gioco vale la candela,62.381,0.8067,0.6,23.0,0,0
Aidan borbottò che lei non aveva cantato per tutti,Aidan borbottò che lei non aveva cantato per tutti i giorni,61.9304,0.8628,0.6667,59.0,0,0
Questo potrebbe essere un primo passo,è soltanto un primo passo,70.8333,0.75,0.6667,42.7,0,0
Ma anche questo non è il punto,Ma non è il punto,100.0,0.996,1.0,100.0,0,0
Il giudizio complessivo è : più che sufficiente,Il giudizio è quasi sufficiente,35.6019,0.535,0.2857,20.8,0,0
"Sì , ed è stato un peccato",è stato un vero peccato,61.3889,0.75,0.6667,42.7,0,0
Non è nei miei pensieri,Non è nei miei pensieri,41.4286,0.375,0.0,21.4,0,0
"Aperta la busta , il tema viene dettato alla candidata",Aperta la busta viene dettato il tema alla candidata,100.0,0.9993,1.0,100.0,0,0
Questa fu una scelta « minoritaria,E questa è una scelta,86.1111,0.7938,0.6667,39.8,0,0
Innanzitutto grazie per aver accettato questa mia intervista,Chiedo di aver accettato questa mia domanda,17.7399,0.4206,0.3333,24.4,0,0
Ma qui c' è ancora della strada da fare,La strada da fare è ancora molta,64.504,0.6692,0.5455,35.6,0,0
Ora accade esattamente il contrario,Ora accade esattamente il contrario,41.4286,0.375,0.25,21.4,0,0
"Si , certo , è la guerra",è proprio la guerra moderna,64.0873,0.3319,0.2857,15.8,0,0
Cosa può dir- ci a proposito,Cosa puoi dire a proposito,69.504,0.75,0.5,42.7,0,0
"Nel 1981 Ali Agca fu condannato all'ergastolo per attentato (non riuscito) contro capo di stato estero, per l'attentato a Papa Giovanni Paolo II","Nel 1981 Ali Agri fu condannato all'erto ( non riuscito ) contro capo di stato ) contro capi di stato estero, per l'attentato a Papa Giovanni Paolo II",24.7362,0.8115,0.6531,52.0,0,0
Ma il fatto è solo uno,Ma il fatto politico è un altro,100.0,0.9985,1.0,100.0,0,0
"La questione , tuttavia , è un' altra",La questione è ancora un'altra,68.1548,0.433,0.25,32.6,0,0
"A chi si rivolge questo libro , dunque",A chi è rivolto questo libro,100.0,0.9977,1.0,100.0,0,0
"Il periodo di congedo straordinario è utile ai fini della progressione di carriera , del trattamento di quiescenza e di previdenza",Il periodo di congedo straordinario è utile ai fini della progressione di carriera e del trattamento di quiescenza e previdenza,77.2882,0.9494,0.9189,85.8,0,0
Questa è la mia priorità assoluta,è questa la mia priorità,100.0,0.996,1.0,100.0,0,0
"Sì , sarà per me un piacere",è stato un piacere per me,54.5833,0.62,0.25,20.4,0,0
"Rinvia , pertanto , ad altra seduta il seguito dell' esame",Rinvia quindi il seguito dell'esame ad altra seduta,48.1662,0.6009,0.75,36.3,0,0
"Già , ma proprio qui sta problema",E proprio qui sta il problema,69.4907,0.83,0.8,76.0,0,0
Sarebbe una presa in giro per tutti,Questa fu una vera presa in giro,67.8571,0.4747,0.3636,26.3,0,0
Le restrizioni hanno di fatto posto fine a una guerra tra la Disney e gli inserzionisti aerei che hanno sorvolato i parchi per anni prima del settembre scorso,Le restrizioni di settembre hanno di fatto posto fine alla guerra tra gli inserzionisti che ronzavano sopra i parchi,37.3685,0.3743,0.3333,18.8,0,0
"Ciò premesso , formula una proposta di parere favorevole",Formula quindi una proposta di parere favorevole,56.6336,0.8413,0.6667,61.5,0,0
Non è un problema,Non è questo il problema,50.1984,0.3758,0.0,8.5,0,0
"E in una mossa non insolita negli sport giovanili, Edina ha pagato dei valutatori esterni per valutare i 44 bambini di quarta elementare che hanno provato all'inizio dell'autunno",Edina ha pagato dei valutatori esterni per valutare 44 bambini di quarta elementare che hanno provato all'inizio dell'autunno,53.5016,0.735,0.6829,51.0,0,0
Un giorno d’estate faceva molto caldo e Ugolino aveva davvero tanta sete,Un giorno l ’ estate d ’ estate faceva molto caldo e Ugolino aveva davvero tanta voglia,26.7957,0.9074,0.7692,45.3,0,0
"Sul palco Aidan fece dei suoni insoliti col suo computer portatile, Ida iniziò a fare il beat boxing, cioè dei suoni ritmati con la bocca, e Simo si mise a roteare sulla testa","Sul palco Aidan fece dei suoni insoliti con il suo computer musicale, Ida iniziò a fare il beat con la bocca, e Simo si mise a fare la bocca",26.3152,0.6516,0.6,51.3,0,0
"Ecco , allora il problema potrebbe essere proprio questo",è proprio questo il problema,77.9365,0.8203,0.5714,40.9,0,0
Sostituire il comma 7 con il seguente : « 7,Sostituire il comma 7 con il seguente,97.2222,0.9985,1.0,100.0,0,0
Naturalmente non mancano le ombre,Ma non mancano le ombre,66.6667,0.7938,0.75,66.9,0,0
"Non bisogna , dunque , fare di ogni erba un fascio",Innanzitutto non bisogna fare di tutta l'erba un fascio,65.9631,0.6988,0.9412,35.5,0,0
Il bilancio è molto positivo,Il bilancio è molto positivo,50.463,0.5515,0.2857,35.0,0,0
Qual è il vostro lavoro,Qual è il vostro lavoro,50.463,0.75,0.3333,42.7,0,0
"Nel 1998 il CDU di Rocco Buttiglione partecipa al progetto delll'ex presidente della Repubblica Francesco Cossiga che promuove la nascita di un nuovo soggetto politico, l'Unione Democratica per la Repubblica (UDR), che si propone la creazione di un terzo polo di centro alternativo al centrodestra e al centrosinistra","Nel 1998 il CDU di Rocco Buttiglione partecipa al progetto delll'ex presidente della Repubblica Francesco Cossiga che promuove la nascita di un nuovo soggetto politico, l'Unione Democratica per la Repubblica ( UDR ), che si propone la creazione di un terzo polo di centro alternativo al centrodestra e al centrosinistra",73.0169,0.9733,0.9149,89.0,0,0
"E non è un caso , ovviamente",Forse non era un caso,58.9484,0.5111,0.2857,21.4,0,0
Siamo in buone mani,Sono in buona mani,29.1667,0.2041,0.0,14.8,0,0
Eventuali indicazioni bibliografiche ulteriori o alternative verranno fornite durante il corso,Eventuali indicazioni bibliografiche verranno fornite durante il corso,62.619,0.8294,0.6154,54.1,0,0
Ok questa è una questione di stile,Ma è una semplice questione di stile personale,52.1429,0.9498,0.6,34.6,0,0
L' articolo è presente anche su,Maggiori informazioni sono presenti su questo sito,13.3532,0.1639,0.0,6.6,0,0
"Certo , passi in avanti sono stati fatti",Molti passi avanti sono stati fatti,41.6035,0.6205,0.5,38.5,0,0
Carte più dettagliate e personalizzate possono essere create con un programma planetario come lo Starry Night,carte più complesse e complicate possono essere create con un programma speciale come lo Starry Night,47.5222,0.8187,0.5926,45.8,0,0
Programma per non frequentanti da concordare con la docente,programma per non frequentanti il docente,47.2685,0.5126,0.3077,14.7,0,0
E non sono affatto la stessa cosa,Non possono essere la stessa cosa,100.0,0.9977,1.0,100.0,0,0
"Si procederà , quindi , alla votazione",Si può procedere alla votazione,100.0,0.996,1.0,100.0,0,0
La stazione di Bordighera è situata lungo la linea Genova-Ventimiglia e serve l,La stazione di Bordiger è situata lungo la principale linea Genova - ventilata. Fa parte dell'infinita linea genovese - vento e serve l'insieme,17.8196,0.558,0.3889,11.8,0,0
Vi ringrazio per l' attenzione e vi auguro buon lavoro,Ringrazio per l'attenzione e auguro buon lavoro,43.0159,0.6692,1.0,42.4,0,0
Togliete dal forno e servite immediatamente,Togliere dal forno e servire,93.3333,0.8441,0.8889,81.9,0,0
"Le cose sono cambiate , da allora",Da allora molte cose sono cambiate,100.0,0.9977,1.0,100.0,0,0
La risposta più logica è : no,La risposta è stata no,48.5185,0.4099,0.2222,7.7,0,0
"Certo , ci sono dei limiti",Ci sono dei limiti superiori,25.0,0.0,0.0,3.6,0,0
E allora che cosa c' è che non va,Che cos'è che non va,30.8333,0.6392,0.4,23.5,0,0
"La domanda , però , è un' altra",La mia domanda specifica invece è un'altra,35.8135,0.1266,0.2,7.8,0,0
"Abbiamo parlato di molte cose , insieme",Abbiamo parlato di molte cose,50.463,0.75,0.5,42.7,0,0
ma una cosa dobbiamo dir- la,Una cosa devo comunque dire,100.0,0.996,1.0,100.0,0,0
"Il Comitato approva , quindi , la proposta di parere favorevole del relatore",Il Comitato approva la proposta di parere del relatore,65.4862,0.8819,0.75,59.7,0,0
Per ulteriori informazioni rimandiamo al sito,Per ulteriori informazioni si rimanda al sito,75.8796,0.8413,0.6667,64.3,0,0
Questa è una lettera d' amore,è una lettera d'amore,13.6508,0.4395,0.8571,36.1,0,0
Non vi sarebbero state vittime,Ma non vi sono state vittime,88.1944,0.83,0.8,76.0,0,0
"Tale attività , ben documentata , è buona come l' attività didattica",L'attività didattica è buona e documentata,38.0556,0.2662,0.3333,10.9,0,0
è così o questa è una mia errata impressione,è possibile o è una mia impressione,74.6296,0.8757,0.6667,51.5,0,0
Eppure avrebbe avuto solo l' imbarazzo della scelta,Avranno l'imbarazzo della scelta,33.0556,0.3233,0.75,24.9,0,0
"Ma è solo , forse , un' impressione",Forse è solo un'impressione,47.2222,0.102,0.0,12.4,0,0
"Sospendo tuttavia la seduta , che riprenderà alle 15",Sospendo la seduta che riprenderà alle 15,100.0,0.9985,1.0,100.0,0,0
Ma non è una soluzione per tutti,Ma non è una soluzione,44.0741,0.6313,0.0,25.4,0,0
"Quali sono , dunque , i veri motivi della crisi italiana",Quali sono i veri motivi della crisi,68.6645,0.9654,0.7273,41.1,0,0
Per ulteriori informazioni si può telefonare allo 0565962088,Per informazioni telefonare allo 0565962088,41.7063,0.7118,0.6,33.5,0,0
Poi d' un tratto sentii una voce,Poi sentirono una voce,38.75,0.2467,0.2222,15.1,0,0
Nell'antichità il se era spesso usato in duetto con il qin,Nell'antichità il se era usato in due spicchi con il qin,19.7685,0.803,0.6364,37.8,0,0
Grazie e mi scusi il disturbo,Grazie e scusa ancora il disturbo,100.0,0.9977,1.0,100.0,0,0
E questa è una notizia,Ed è una buona notizia,100.0,0.996,1.0,100.0,0,0
"Il primo utilizzo del riscaldamento elettrico fu per un torneo di balkline 18.2 tenutosi nel dicembre 1927 tra Welker Cochran e Jacob Schaefer , Jr","Il primo utilizzo del calore elettrico fu per un torneo di balkline 18. 2 tenutosi nel dicembre 1927 tra Welch Cochran e Wilhelm Sch Schaefer, Jr",34.072,0.6071,0.5283,33.0,0,0
"Nel Medioevo europeo, l'erba veniva posta sotto i cuscini per favorire il sonno e allontanare gli incubi","Nel cristianesimo europeo, l'erba veniva posta sotto i tenda per favorire il sonno e non tutti gli sciabi",31.3697,0.6198,0.5263,44.3,0,0
E il problema è proprio questo,Il problema è questo,52.7778,0.5442,0.0,21.4,0,0
Allora qual è la differenza,Dov'è allora la differenza,67.9762,0.9977,1.0,46.3,0,0
"Dopo l' articolo 423 del codice penale è inserito il seguente : "" Art",Dopo l'articolo 423 del codice civile è inserito il seguente : « Art,72.178,0.8089,1.0,78.0,0,0
Anche per me è una sorpresa,È stata una vera sorpresa per me,71.5152,0.647,0.1818,14.3,0,0
"Si arrampicò sulla roccia più grande, e guardò i gabbiani planare sopra le teste di Ida e del suo nuovo amico Aidan mentre camminavano sulla spiaggia diretti verso di lui","Si arrampicò sulla roccia più grande, e guardò sopra le gabbiane di Ida e del suo nuovo amico Aidan mentre camminavano sulla spiaggia diretto verso di lui",25.5401,0.8111,0.6909,58.8,0,0
Quello fu un grande periodo,è stato un grande periodo,48.6111,0.2,0.0,12.7,0,0
"Dopotutto , è solo un gioco",Magari è solo un gioco,66.6667,0.6727,0.5714,54.8,0,0
Ma non risolveremmo il problema,Che non sempre risolvono il problema,74.7619,0.7353,0.4444,32.5,0,0
"Per ulteriori informazioni , scrivete- ci a",Per ulteriori informazioni scrivi a,66.6667,0.6356,0.4444,35.0,0,0
Sono un uomo fortunato,Sono proprio un uomo fortunato,52.7778,0.375,0.2857,21.4,0,0
L' errore concettuale è proprio questo,Questo è il suo errore,79.1294,0.6286,0.6667,26.0,0,0
"Stando al Vangelo secondo Marco, Giacomo e Giovanni furono detti da Gesù Boanerghes (""figli del tuono","Il Vangelo secondo Marco, Giacomo e Giovanni furono poi detti Gesù Boaner Racconti di Gesù",27.1497,0.4786,0.4138,37.8,0,0
C' è solo un problema,è un problema solo tuo,46.2963,0.2941,0.0,12.4,0,0
C' è un' altra considerazione da fare,Piuttosto c'è da fare un'altra considerazione,39.1667,0.6476,1.0,13.8,0,0
"Dolignon è un comune del dipartimento dell'Aisne, in Piccardia, nel nord della Francia","dolignon è un comune. Si trova nella regione Picardie, nel dipartimento dell'Aisne, nel nord della Francia",100.0,0.9999,1.0,94.3,0,0
La mia domanda però è un' altra,Un'altra domanda è la seguente,70.5952,0.5836,1.0,54.8,0,0
"La Commissione prosegue la discussione congiunta , rinviata nella seduta del 16 marzo 2005",La Commissione prosegue la discussione rinviata nella seduta del 16 marzo 2005,73.1827,0.9139,0.8182,73.5,0,0
Nella comunità nera si è parlato di organizzare una cena da Paschal,La comunità nera voleva cenare da Paschal,100.0,0.9985,1.0,100.0,0,0
Si possono fare cose molto diverse,Si possono fare diverse cose,65.7407,0.75,0.5,23.6,0,0
"Dopo l' articolo 11 , è inserito il seguente : « Art",Dopo l'articolo 11 inserire il seguente : Art,63.4325,0.706,1.0,62.4,0,0
Il giudizio non fu pienamente positivo,E il giudizio può non esser facilissimo,100.0,0.9985,1.0,100.0,0,0
"Alcuni più riusciti , altri meno","Alcuni più bravi, altri meno",38.6111,0.7353,0.5,23.0,0,0
La situazione non è questa,Certo la situazione bella non è,46.4286,0.1961,0.0,8.1,0,0
Quali dovrebbero essere i passi successivi,Quali sono i passi successivi,92.2222,0.8441,0.8889,54.8,0,0
"Bronstein insinuò che i funzionari sovietici gli fecero pressioni affinché perdesse nella partita del campionato del mondo del 1951, in modo che Botvinnik mantenesse il titolo, ma i commenti del secondo di Botvinnik, Salo Flohr, e le annotazioni dello stesso Botvinnik alla critica 23ª partita indicano che Botvinnik non era a conoscenza di tale complotto","Nel 2007, i funzionari sovietici gli chiedono che i funzionari del Comitato del mondo avessero pressioni sulla partita del 2001, ma i commenti del secondo di Botvinsky non erano a conoscenza del secondo motivo, e le annotazioni dello stesso giornale, formulate da quel punto",34.5818,0.0802,0.0,1.1,0,0
Non facciamo- ci illusioni,Non dobbiamo far - ci soverchie illusioni,70.5628,0.5174,0.6,15.6,0,0
Questa è per me una cosa molto reale,per me è una cosa incomprensibile,66.2698,0.7433,0.25,19.3,0,0
"Ha detto che ogni volta che muore una persona, si trasmette il messaggio di quanto siano pericolose queste imprese",Dice che la morte di una persona dimostra quanto siano pericolose queste imprese,45.7236,0.5245,0.2727,11.1,0,0
"MOTIVI DELLA DECISIONE Il ricorso è fondato e va , pertanto , accolto",MOTIVI DELLA DECISIONE Il ricorso è fondato e va accolto,80.9406,0.8994,0.875,88.0,0,0
Ma questa non è una cosa definitiva,Ma non è stata una cosa facile,45.9921,0.7934,0.4444,30.7,0,0
Come posso trovare un libro su 365Bookmark,Come trovare un libro su 365,23.1481,0.1667,0.0,9.7,0,0
Quello è stato uno degli errori decisivi,È stato un grave errore,77.7778,0.75,0.3333,23.6,0,0
MA LE COSE NON CAMBIANO,Ma la cosa non cambia,4.7619,0.2,0.0,12.7,0,0
E stata una rivelazione per me,Per me è stata una vera sorpresa,53.4722,0.4915,0.2222,7.8,0,0
Di chi sarà mai la colpa,E la colpa di chi è,61.1111,0.3125,0.2222,8.1,0,0
Ma c' è sempre l' eccezione che conferma la regola,Ma è la classica eccezione che conferma la regola,100.0,0.9993,1.0,100.0,0,0
Questa è tutt' altra cosa,Questa è un'altra cosa,55.754,0.4406,1.0,27.5,0,0
Gli ebrei non possono nemmeno andare a casa di cristiani,Gli ebrei non possono andare a casa di cristiani,34.93,0.9041,0.8235,66.9,0,0
anche questa è un' altra ipotesi valida,Questa è una mia sola ipotesi,100.0,0.9977,1.0,100.0,0,0
In più è mio amico,È un mio grande amico,62.5,0.122,0.0,5.3,0,0
"Non è questo , comunque , il problema",Il vero problema non è questo,52.5,0.7294,0.0,18.0,0,0
Per ulteriori informazioni rivolger- si all' U.O,Per maggiori informazioni ci si può rivolgere all'U. O,43.8797,0.7782,0.7778,42.3,0,0
La lista potrebbe essere molto lunga,La lista è lunga e drammatica,90.2778,0.83,0.75,76.0,0,0
La partita comunque è solo all' inizio,La partita è agli inizi,62.0833,0.4991,0.3333,39.8,0,0
Anzi è esattamente il contrario,Anzi è stato il contrario,66.6667,0.75,0.3333,30.2,0,0
Quali sarebbero le conseguenze pratiche,Ma quali saranno le conseguenze,66.6667,0.5111,0.25,23.6,0,0
"Qual è , allora , il problema","Allora, quale è il problema",61.1111,0.6464,0.3333,32.5,0,0
Il problema è però quello dei tempi,Il problema sono però i tempi,77.0833,0.8519,0.4,25.4,0,0
"Il suo sapore è secco , acidulo , delicato e leggermente frizzante",Il sapore è acidulo e gradevole,67.7778,0.625,0.25,32.5,0,0
Non è proprio una novità,Non è questo certo una novità,100.0,0.9977,1.0,100.0,0,0
E questo è davvero un paradosso,È un pò un paradosso,100.0,0.996,1.0,100.0,0,0
Ma la risposta è la stessa di sopra,La mia risposta è la seguente,38.3796,0.7353,0.2857,32.5,0,0
"Ah , ecco , certo , come ho fatto a non capir- lo subito",Ma come ho fatto a non capire,50.8135,0.7114,0.6667,41.1,0,0
"Progressi ne sono stati fatti , dunque",Molti passi ne sono stati fatti,48.9947,0.7782,0.6667,50.8,0,0
Il nome moderno ``Francia'' deriva dal nome del dominio feudale dei re capetingi di Francia intorno a Parigi,Il nome moderno ` ` francesi'' deriva dal nome del dominio feudai di Parigi intorno a Parigi,26.1692,0.6278,0.4286,36.0,0,0
"Ed è , soprattutto , una notizia",Ed è una buona notizia,100.0,0.996,1.0,100.0,0,0
Vi ringrazio per l' attenzione e saluto distintamente,Ringrazio per l'attenzione e saluto,25.0397,0.5515,1.0,24.7,0,0
"Infine , cuocete- le in forno caldo per circa 5 minuti a 250",Cuocere in forno caldo a 180° per 5 minuti,47.031,0.7052,0.375,24.3,0,0
Si metta in contatto con le università degli studi,Devi metter - ti in contatto con le università degli studi,68.7332,0.803,0.8421,48.3,0,0
Anche questo sarebbe un grande bene,E questo è stato un bene,57.8836,0.526,0.2222,19.3,0,0
"Invece di arrivare giù fino alla vita, i capelli di Clara ora arrivavano solamente fino alle spalle","Invece di arrivare alla vita, i capelli di Clara fino alla sua spalle",20.0564,0.4538,0.4286,12.4,0,0
Il giudizio collegiale complessivo della commissione è molto buono,Il giudizio della commissione è buono,34.7436,0.7014,0.4444,32.2,0,0
è una domanda : ne vale ancora la pena,La domanda è : ne vale la pena,84.3434,0.8919,0.7273,76.7,0,0
"Propone , conclusivamente , di esprimere parere favorevole",Propone infine di esprimere un parere favorevole,73.6658,0.7454,0.6667,53.3,0,0
"Ma questa , naturalmente , è tutta un' altra storia",Ma la storia è tutt'altra,24.1237,0.1471,0.0,10.4,0,0
A questo punto la ... domanda sorge spontanea : perché tutto questo,A questo punto la domanda sorge spontanea,46.5377,0.6344,0.5333,20.3,0,0
Il giudizio è complessivamente : ottimo,Complessivamente il giudizio è ottimo,57.963,0.75,0.3333,30.2,0,0
"Qui , invece , non c' è molto tempo",Non c'è più molto tempo,45.1786,0.6692,0.4,11.7,0,0
C' è però un ostacolo,Ma ci sono altri ostacoli,100.0,0.996,1.0,100.0,0,0
Dove sta il problema quindi,Dove sta il tuo problema,44.6429,0.3,0.0,12.7,0,0
"articolo 3 , comma 122 , della legge 24 dicembre 2003 , n. 350 , è sostituito dal seguente",Il comma 3 dell'articolo 24 della legge n. 2003 del 350 dicembre 350 è sostituito dal seguente : « 350,76.0939,0.7392,0.5882,50.9,0,0
Si trova nelle zone temperate e tropicali,Si trova nelle zone temperate,13.0051,0.2373,0.2105,3.6,0,0
Quando Ida e Simo arrivarono finalmente al campeggio si precipitarono fuori dalla macchina,"Quando Ida e Simo arrivarono al campeggio, arrivarono fuori dalla macchina",46.5765,0.8067,0.6667,46.6,0,0
La ringrazio anticipatamente per la sua attenzione,La ringrazio per la sua gentile attenzione,100.0,0.9985,1.0,100.0,0,0
"articolo 7 , inserire il seguente : « Art","Dopo l'articolo 7, è inserito il seguente : Art",75.6151,0.7146,1.0,55.6,0,0
"La posta in gioco è , quindi , alta e chiara",La posta in gioco era alta,55.0361,0.7014,0.6,45.5,0,0
"Ecco , questo è il mio sogno",è solo il mio sogno,59.213,0.6356,0.5714,35.0,0,0
Questo sarebbe un gravissimo errore,È stato un tragico errore,65.5556,0.3,0.0,12.7,0,0
Complessivamente sono stati controllati 328 veicoli e 457 persone,In tutto sono stati controllati 328 veicoli e 457 persone,100.0,0.9995,1.0,100.0,0,0
"Conseguentemente , sostituire l' articolo 44 , con il seguente : « Art","L'articolo 44, viene sostituito dal seguente : Art",41.7584,0.4464,0.7143,23.7,0,0
"Accertata la presenza del prescritto numero di senatori , la Commissione approva , infine , il parere di nulla osta proposto dal relatore","Accerta la presenza del prescritto numero di senatori, la Commissione approva il parere proposto dal relatore",97.9167,0.9999,1.0,100.0,0,0
"Dopo la bocca, gli fece il mento, poi il collo, le spalle, lo stomaco, le braccia e le mani","Dopo la bocca, gli fa il naso, il collo e le spalle",29.3111,0.4523,0.4,15.1,0,0
Non è stata però un' impresa facile,Non è mica un'impresa facile,54.4841,0.3178,0.2857,21.4,0,0
"Parla maltese , italiano , inglese e francese",Parlo bene italiano e inglese,66.3405,0.1948,0.4,21.8,0,0
Il locale è sobriamente elegante,Il locale è moderno ed elegante,73.6111,0.8067,0.5,38.0,0,0
Per il resto non saprei,E per il resto non so,61.3889,0.8067,0.8889,23.0,0,0
Questa è una questione di principio,Ormai è una questione di principio,39.5833,0.25,0.0,10.7,0,0
E proprio qui sta il problema,Tutto il problema sta qui,100.0,0.996,1.0,100.0,0,0
L' attività didattica è di lunga durata e ben documentata,L'attività didattica è pertinente e di lunga durata,62.1506,0.6009,0.5333,32.0,0,0
La situazione si è molto complicata,La situazione è gravissima,65.3373,0.6009,0.4,46.3,0,0
"è troppo "" strano","è strano, strano",100.0,0.9922,1.0,100.0,0,0
Non puoi dire sul serio,Non puoi dire sul serio,100.0,0.996,1.0,100.0,0,0
I processi sono ancora in corso,Il processo è già in corso,55.9722,0.6464,0.2222,20.5,0,0
Come si potrebbe risolvere la questione,Come si può risolvere questa questione,55.5556,0.5011,0.2222,18.0,0,0
Comunque anche questo non è un grosso problema,non è un mio problema,66.6667,0.75,0.3333,23.6,0,0
Ci sono ancora dei problemi,Ci sono stati dei problemi,36.8056,0.5111,0.25,23.6,0,0
"Ribadisce , pertanto , la sua proposta di parere favorevole",Ribadisce infine la proposta di parere favorevole,66.6667,0.712,0.4615,39.4,0,0
"Si passa , quindi , all' esame di emendamenti volti ad aggiungere articoli aggiuntivi dopo l' articolo 11",Si passa quindi all'esame un emendamento volto ad aggiungere ulteriori articoli dopo l'articolo 11,46.4005,0.5068,0.7097,30.3,0,0
"La maggior parte della regione è governata dalla Repubblica del Nagorno-Karabakh, uno Stato indipendente de facto e non riconosciuto, istituito sulla base dell'Oblast' autonoma del Nagorno-Karabakh all'interno della RSS dell'Azerbaigian dell'Unione Sovietica. Il territorio è internazionalmente riconosciuto come parte dell'Azerbaigian, che non esercita il potere sulla maggior parte della regione dal 1991","La maggior parte della regione è governata dalla Repubblica del Nagorno - Karabakh, uno Stato indipendente dal governo della Turchia",33.7488,0.119,0.0833,2.2,0,0
D'altra parte si dimostra che l'assorbimento umano di tali sostanze nelle vicinanze di un inceneritore è trascurabile,D'altra parte si dimostra che l'effetto umano di tali sostanza nelle vicinanze di un inceneritore è trascurabile,25.8212,0.7157,0.5882,44.4,0,0
E questo non è che l' inizio,Non fu che l'inizio,16.1111,0.1493,0.5,9.7,0,0
Laureato in Medicina e Chirurgia nel 1973,Laurea in Medicina Chirurgia nel 1973,100.0,0.9977,1.0,100.0,0,0
"Ma questa , ovviamente , è solo la mia modesta opinione",è solo la mia piccola opinione,100.0,0.9977,1.0,100.0,0,0
Come è possibile una cosa del genere,è concepibile una cosa del genere,66.6667,0.8067,0.75,53.7,0,0
Questo è un altro dato di fatto,È un dato di fatto,50.5952,0.3178,0.25,17.5,0,0
"Certamente , ma è vero anche il contrario",Ma è vero il contrario,65.2778,0.6727,0.6667,54.8,0,0
"Certo , perchè tutti i nodi vengono al pettine",Adesso i nodi vengono al pettine,53.7927,0.7217,0.7273,64.3,0,0
Oggi il sito web del Times è uno dei più visitati siti giornalistici ed è il primo quotidiano online con sede negli USA (31 milioni di utenti al mese censiti a marzo 2009,Oggi il sito web del giornale è uno dei più più diffusi siti internet ed è il primo quotidiano italiano con sede negli Stati Uniti,19.0583,0.5196,0.4074,25.7,0,0
Ci sono anche dei problemi ovviamente,C'è anche un altro problema,34.5833,0.0962,0.0,10.7,0,0
Non è un film autobiografico,Non è un un film commerciale,100.0,0.9977,1.0,100.0,0,0
"La guerra , quindi , c' è",La guerra c'è stata,59.4444,0.8535,0.5714,11.5,0,0
"Per l' adempimento dei propri compiti la Commissione pur avvaler- si della collaborazione di tutte le amministrazioni dello Stato , anche ad ordinamento autonomo , degli enti pubblici , delle regioni e degli enti locali","Per l'adempimento dei propri compiti la Commissione può avvaler - si della collaborazione di tutte le amministrazioni dello Stato, anche ad ordinamento interno, delle regioni e degli Stati locali",36.2134,0.7039,0.7667,54.1,0,0
E quindi che cosa dovremmo fare,E quindi che cosa fare,65.7407,0.7938,0.75,66.9,0,0
Le indagini di Roux sono state condotte principalmente sulle uova di rana per ricercare le prime strutture dello sviluppo degli anfibi,Le indagini di Roux sono state svolte principalmente sulle uova di Rana per ricerca delle prime strutture di zoologia,21.6856,0.6103,0.5789,37.5,0,0
Ma questa è una storia diversa,Ma questa è una storia vera,46.2963,0.625,0.25,18.0,0,0
"Spese ed onorari di giudizio possono , tuttavia , essere compensati tra le parti",Compensa integralmente tra le parti le spese e gli onorari del giudizio,69.4945,0.7504,0.6667,41.2,0,0
Dove potrei trovare ulteriori informazioni,Dove posso trovare più informazioni,37.6984,0.2542,0.0,11.5,0,0
"Infine , il comma 7 è sostituito dal seguente : "" 7","Il comma 7 è sostituito dal seguente "" 7",44.8873,0.2778,0.3333,10.6,0,0
"Conseguentemente , sostituire l' articolo 3 con il seguente : « Art","L'articolo 3, viene sostituito dal seguente : Art",63.9225,0.6406,0.7692,45.9,0,0
"Ma c' è una cosa , importante",Ma una cosa è chiara,85.0794,0.8203,0.5714,57.9,0,0
Vorrei far- ti una domanda,Volevo far - le solo una domanda,68.75,0.4915,0.2222,14.5,0,0
"Il punto , però , è un altro",Il punto forte è un altro,55.7407,0.625,0.4444,18.0,0,0
"L' attività didattica , solo parzialmente pertinente , è prolungata","L'attività didattica è prolungata, ampia e pertinente",54.9726,0.605,0.7273,25.8,0,0
I dati si riferiscono al 2004,I dati sono riferiti al 2004,100.0,0.9977,1.0,100.0,0,0
Ma i passi da fare sono ancora molti,Molto passo è ancora da fare,44.5833,0.3276,0.1818,12.9,0,0
Vorrei però chiedere una cosa,Volevo chieder - le una cosa,66.6667,0.3676,0.25,16.2,0,0
FORTE : Questa è una buona domanda,È una buona domanda,62.963,0.6843,0.8,36.1,0,0
"Salve , avrei bisogno di un vostro aiuto",Abbiamo bisogno del vostro aiuto,86.1111,0.7938,0.75,66.9,0,0
"articolo 8 , inserire il seguente : « Art",Dopo l'articolo 8 inserire i seguenti : « Art,31.25,0.1709,0.4286,5.4,0,0
Anche questo non è un risultato da poco,Non è un risultato da poco,48.0952,0.7353,0.2857,32.5,0,0
In questo caso il notificante pur fare riferimento ai dati forniti in notifiche precedenti o ai risultati relativi ad emissioni precedenti,"In questo caso, il notificante può fare riferimento ai dati forniti in notifiche precedenti o ai risultati relativi ad emissioni precedenti",77.5552,0.9948,1.0,87.3,0,0
"Oggi , tuttavia , la situazione è cambiata",Ma oggi la situazione è cambiata,48.3333,0.8745,0.2857,19.3,0,0
"Ma , cosa dice un altro salmo",Ma che dice un altro salmo,90.7407,0.9765,0.8889,50.8,0,0
Ora tutto è più facile,Tutto è più delicato e facile,45.8333,0.2899,0.2222,9.0,0,0
"C' è un prezzo da pagare , però",Ma c'è sempre un piccolo prezzo da pagare,28.9286,0.9212,0.3636,22.1,0,0
"La pasticceria era di una donna molto sorridente di nome Clara, che era una fanatica dei dolci","La pasticceria era di nome Clara, che era una dei dolci più famosi",31.8703,0.6692,0.5714,43.1,0,0
La risposta è ancora no,La risposta è stata no,100.0,0.996,1.0,100.0,0,0
Sempre che ne valga la pena,Ne vale certamente la pena,68.1151,0.5515,0.4,15.8,0,0
Potrebbe non essere una buona idea,Non fu una una buona idea,66.6667,0.431,0.3333,18.3,0,0
"La Commissione procede , quindi , alla nomina di un Comitato ristretto",La Commissione procede alla nomina di un Comitato ristretto,100.0,0.9993,1.0,100.0,0,0
"Sostituire l' articolo 33 , con il seguente : "" Art",Sostituire l'articolo 33 con il seguente : « Art,52.2983,0.6792,1.0,48.5,0,0
"Invece , incredibilmente , accade esattamente il contrario","Ebbene, è accaduto esattamente il contrario",44.7222,0.5662,0.5,24.4,0,0
C' è una persona che ci aspetta,C'è una sola persona che dobbiamo aspettar - ci,50.0,0.3453,0.0,4.8,0,0
"La situazione , tuttavia , è sotto controllo",La situazione monetaria è sotto controllo,53.2407,0.526,0.25,19.3,0,0
All' udienza del 12 novembre 2002 la causa stata trattenuta in decisione,All'udienza del 12 novembre 2002 la causa è stata trattenuta per la decisione,35.9217,0.5403,0.6087,40.9,0,0
Stavolta però c' erano delle differenze,Vi sono però alcune differenze,69.0476,0.2542,0.0,11.5,0,0
La responsabilità è tutta del governo,La responsabilità è del governo,63.6111,0.8203,0.5714,40.9,0,0
Ma la strada da fare è ancora lunga,La strada da fare è ancora molta,100.0,0.9985,1.0,100.0,0,0
"Si , sono d' accordo",Si può essere d'accordo,63.4722,0.5077,1.0,46.3,0,0
"E ancora : "" Proprio questo è il punto",E forse il punto è proprio questo,70.1419,0.7934,0.4444,30.7,0,0
Ma la cosa più sorprendente è un' altra,La cosa è più seria,56.0185,0.3758,0.0,15.8,0,0
"Rinvia , quindi , del seguito dell' esame ad altra seduta",Rinvia ad altra seduta il seguito dell'esame,57.7967,0.499,0.6667,19.7,0,0
Parere favorevole con osservazioni ) Si riprende l' esame sospeso nella seduta 21 novembre scorso,Parere favorevole con osservazioni ) Riprende l'esame sospeso nella seduta pomeridiana dell'21 novembre scorso,44.4256,0.6891,0.8148,45.1,0,0
È solo un bambino,Ma ero solo un bambino,19.3651,0.5889,0.5714,39.8,0,0
"Sussistono , tuttavia , giusti motivi per compensare interamente tra le parti le spese del presente grado di giudizio",Sussistono giusti motivi per compensare integralmente tra le parti le spese di entrambi i gradi di giudizio,47.3909,0.7833,0.6,46.2,0,0
7 ) Sono laureato in giurisprudenza,7 Sono laureata in giurisprudenza,29.6296,0.535,0.2222,20.8,0,0
ma che razza di posto è questo,Che razza di posto è questo,100.0,0.9977,1.0,100.0,0,0
Non arriveremmo da nessuna parte,Ma così non arriveremo da nessuna parte,66.6667,0.6148,0.3636,26.3,0,0
Qui di seguito ne riportiamo i punti salienti,Ne riportiamo di seguito i punti principali,32.2619,0.7311,0.3636,15.6,0,0
Vediamo come andrà a finire,Vediamo come andrà a finire,60.1058,0.6727,0.6667,54.8,0,0
abrogata ogni altra disposizione incompatibile con le norme del presente decreto,è abrogata ogni altra disposizione incompatibile con le norme del presente decreto,100.0,0.9997,1.0,90.4,0,0
"Il bello , però , dovrà ancora venire",Il bello però deve ancora venire,47.7778,0.7353,0.4444,23.0,0,0
L' anno prossimo si vedrà,L'anno prossimo l'anno vedrà,47.9167,0.1724,0.0,11.5,0,0
Quali sono le ragioni della scelta,Quali sono le ragioni di questa scelta,70.9722,0.8757,0.7692,61.3,0,0
Questa è una guerra,Questa è una guerra immorale,66.6667,0.7938,0.6667,66.9,0,0
naturalmente questa è solo una goccia in un oceano,Ma erano gocce in un oceano,23.9087,0.1042,0.0,5.9,0,0
"Posto ai voti , è approvato l' articolo 2",L'articolo 2 viene posto ai voti e approvato,28.4936,0.5011,0.5714,13.1,0,0
"Beh , comunque questa è solo la mia discutibile opinione",Però questa è solo la mia misera opinione personale,60.2742,0.7683,0.3636,31.6,0,0
"Ai richiedenti residenti nelle vie della Circoscrizione di Gardolo riportate nel prospetto allegato, verrà attribuito in automatico come nido di prima scelta oltre al nido Aquilone anche il nido di Lavis","Ai richiedenti residenti nelle vie della Circoscrizione di Gardolo riportato nel prospetto allegato, verrà attribuito in automatico come nido di prima scelta oltre al nido di Lavis anche il nido di LAvis",32.878,0.8939,0.7869,73.5,0,0
"C' è un problema , tuttavia",C'è un piccolo problema,22.7778,0.7014,0.2857,11.5,0,0
È evidentemente una questione di gusti,ma è una questione i gusti,36.2963,0.7353,0.2857,32.5,0,0
La legge non dovrebbe essere uguale per tutti,o la legge NON è uguale per tutti,89.3056,0.8737,0.8333,41.1,0,0
Comunque questo sarebbe il primo passo,È solo il primo passo,57.9365,0.5515,0.25,15.8,0,0
Ma anche questa non è una grande scoperta,Non è una nostra scoperta originale,38.3796,0.7353,0.2857,32.5,0,0
"articolo 42 , inserire il seguente : « Art","Dopo l'articolo 42, è inserito il seguente : Art",25.7672,0.4689,0.7143,18.6,0,0
"Le elezioni presidenziali degli Stati Uniti del 1980 videro sfidarsi il democratico in carica Jimmy Carter e il suo avversario repubblicano Ronald Reagan, oltre al deputato repubblicano John B. Anderson, che si candidò come indipendente","Le elezioni presidenziali degli Stati Uniti del 1980 videro sfidarsi il democratico democratico Jimmy Kimmel e il suo candidato repubblicano John B. Fox, che si candida come indipendente dal candidato democratico John Buger",33.0809,0.2971,0.1356,7.6,0,0
"E infine , qual era la questione",E quale fu la questione,61.8056,0.5111,0.2857,21.4,0,0
"Questa è stata , francamente una sorpresa",è stata una vera sorpresa,69.7222,0.9146,0.4,23.6,0,0
E allora c' era una sola cosa da fare,C'è una sola cosa da fare,41.4286,0.3024,0.2,16.2,0,0
"È una questione di cultura , innanzitutto",È una questione di cultura,100.0,0.996,1.0,66.9,0,0
Questo vale per la musica,Questo può valere anche per la musica,31.5741,0.4509,0.1667,14.5,0,0
I guanti indossati dai giocatori di hockey su ghiaccio sono di tre tipi,I guanti di hockey su ghiaccio sono di tre tipi,18.2084,0.5952,0.4,27.5,0,0
"Le cose , purtroppo , stanno così",Tuttavia le cose stanno così,69.0476,0.6356,0.4444,35.0,0,0
"La Commissione prosegue l' esame del provvedimento , rinviato da ultimo nella seduta del 30 novembre 1999",La Commissione prosegue l'esame del provvedimento rinviato nella seduta del 30 novembre 1999,47.614,0.6838,0.8462,44.1,0,0
c' è solo una possibilità,Ma ci sono altre possibilità,50.6944,0.2,0.0,12.7,0,0
"Ovviamente , dipende da quello che si vuol fare",Ovviamente dipende da quello che vuoi fare,59.6429,0.4709,0.4615,22.8,0,0
I fatti dovrebbero essere questi,Adesso il fatto è questo,89.3056,0.7938,0.6667,66.9,0,0
La caccia alla lepre è consentita dal 19 settembre al 30 dicembre 2004,La caccia alla lepre è consentita dal 19 settembre al 30 dicembre 2004,61.2795,0.9295,0.7826,48.8,0,0
"Sull' ordine dei lavori è intervenuto , quindi , l' on",Sull'ordine dei lavori è intervenuto l'on,40.2778,0.4134,1.0,36.4,0,0
Non puoi far- ci niente,Non potevamo fare assolutamente niente,100.0,0.996,1.0,100.0,0,0
Il giudizio è pertanto nettamente positivo,Positivo è il mio giudizio,68.7698,0.7559,0.5714,19.4,0,0
"Non è così , o meglio : così non dev' essere","Non è così, non può essere così",57.9762,0.8779,0.8,24.4,0,0
Ma non è neanche questo il punto,Ma non è il punto,100.0,0.996,1.0,100.0,0,0
Lo sai che non era vero,Ma so che non è vero,78.836,0.5752,0.4444,43.0,0,0
"In alternativa, quando viene concessa una Licenza Reale per un trasferimento di armi, il cambiamento del cognome del cessionario in quello del cedente può essere consentito dalla Licenza stessa, senza bisogno di un atto notarile","In alternativa, quando viene concessi una Licenza reale per un trasferimento di armi, il cambiamento del numero del cedente può essere consentito dalla Licenzia stessa, senza bisogno di un atto notarile",32.9368,0.5913,0.3793,22.5,0,0
E anche questo non è cosa da poco,E questa non è l'unica cosa,44.1667,0.4574,0.0,16.3,0,0
"Che non è mica roba da poco , anzi",Non è roba da mezz'omm,67.8836,0.7938,0.5714,66.9,0,0
Il cuore mi batteva a mille,Il cuore le batteva a mille,66.6667,0.949,0.6667,38.0,0,0
E questa è un' altra tipica anomalia italiana,è un'altra anomalia italiana,55.5952,0.3233,0.8571,24.9,0,0
Non sarebbe una grande conquista,Non è una nostra conquista,76.0847,0.6356,0.2857,35.0,0,0
"La seduta è tolta ( ore 12,30","La seduta è tolta alle ore 19, 30",81.9444,0.8314,0.6667,58.7,0,0
"Anzi , sono contrario ad entrambe","Anzi, fu il contrario",73.6111,0.75,0.4,30.2,0,0
ma ha dell' incredibile,Ma ha dell'incredibile,24.1667,0.0877,0.5714,0.0,0,0
Cosa si può fare a questo punto,Cosa posso fare a questo punto,66.6667,0.8067,0.6,53.7,0,0
"Conseguentemente , sopprimere l' articolo 3",Conseguentemente l'articolo 3 è soppresso,51.8452,0.5515,1.0,35.0,0,0
E non sarà una cosa volgare,Non deve essere una cosa assoluta,19.3056,0.4259,0.2,16.2,0,0
"certo non è un delitto , anzi",Non è mica un delitto,100.0,0.996,1.0,100.0,0,0
La cosa mi sembra difficile,La cosa mi sembra molto strana,35.4167,0.4259,0.2,9.7,0,0
Mi scuso per la lunghezza del messaggio,scusate la lunghezza del messaggio,39.3519,0.5515,0.4,28.6,0,0
c' è un lutto nel paese,Il mio paese è in lutto,71.4286,0.526,0.2222,18.0,0,0
Un sorriso si allargò sul volto dell' altro,Un sorriso si allarga sui loro volti,50.1389,0.3235,0.1538,12.6,0,0
Dov' è il problema,E il problema dov'è,9.7222,0.7014,0.3333,19.4,0,0
Questa però non è una regola,Ma non è certo una regola,66.2698,0.625,0.25,32.5,0,0
"La presente legge è dichiarata urgente , ai sensi dell' articolo 45 dello Statuto , ed entra in vigore il giorno successivo a quello della sua pubblicazione sul Bollettino Ufficiale della Regione",La presente legge è dichiarata urgente ai sensi dell'articolo 45 dello Statuto regionale ed entra in vigore il giorno successivo alla sua pubblicazione sul Bollettino Ufficiale della Regione,54.4501,0.8552,0.8462,65.8,0,0
Questo è un film da vedere,è sicuramente un bel film da vedere,45.0,0.6098,0.2222,16.5,0,0
La proposta è stata accolta all' unanimità,La proposta viene accolta all'unanimità,49.7619,0.433,0.8,32.6,0,0
All' udienza del 27 aprile 2001 la causa è stata trattenuta per la decisione,Alla pubblica udienza del 27 aprile 2001 la causa veniva trattenuta in decisione,98.3333,0.9998,1.0,100.0,0,0
E dov' è la novità,E dov'è la novità,18.6508,0.83,0.6667,24.9,0,0
"Gli effetti del presente contratto decorrono dal giorno successivo a quello della sua definitiva sottoscrizione , salvo diversa prescrizione contenuta nello stesso","Gli effetti giuridici decorrono dal giorno della sottoscrizione, salvo diversa prescrizione del presente contratto",100.0,0.9999,1.0,100.0,0,0
"Sospendo , pertanto , la seduta fino alle ore 22,15","Sospendo pertanto la seduta fino alle ore 22, 15",78.6111,0.8524,0.75,63.9,0,0
"Queste operazione, insieme ad altre complementari come il rafforzamento dei litorali, il rialzo di rive e pavimentazioni e la riqualificazione della laguna, dovrebbero permettere la difesa della città di Venezia da eventi estremi come le alluvioni e come il degrado morfologico, per il quale la laguna sta progressivamente cedendo al mare, e l'abbassamento del livello del suolo","Queste operazioni, insieme a quello dei poggiamenti, il rialzo di superficie e la riqualificazione della città, consentono alla difesa della città di Venezia e di il degrado del livello del mare, per il quale la città sta degrado e il degrado morfologico, e il declino del livello qualità del mare",17.6631,0.4634,0.3019,27.0,0,0
Questa è un' altra storia,è tutta un'altra storia,43.6111,0.4406,1.0,27.5,0,0
Forse piano piano cambierebbero un pò le cose,Allora forse le cose cambieranno,56.8452,0.3178,0.2222,17.5,0,0
Forse questo è il rovescio della stessa medaglia,È il rovescio della medaglia,100.0,0.996,1.0,100.0,0,0
Le riassumo in alcuni punti essenziali,Ne riassumo qui alcuni punti essenziali,79.6429,0.7782,0.6667,50.8,0,0
"Poi , tutti sappiamo come è andata a finire , purtroppo",Sappiamo poi come è andata a finire,66.4092,0.9654,0.6667,64.3,0,0
Non può svolger- si in contrasto con l' utilità sociale o in modo da recare danno alla sicurezza alla libertà alla * dignità umana,Non può svolger - si in contrasto con l'utilità sociale o in modo da rendere danno alla libertà alla libertà umana,29.4312,0.5436,0.7143,24.3,0,0
"Qualcuno doveva prendere in mano la situazione , Ben",Devo prendere in mano la situazione,60.1058,0.6615,0.6,50.8,0,0
"Certo , ora i tempi sono cambiati",Oggi invece i tempi sono cambiati,62.963,0.7782,0.6667,50.8,0,0
Ma questa non è l' unica soluzione,Non è questa la soluzione,40.8333,0.3758,0.0,19.4,0,0
Ma questi sono solo dettagli,Ma questi sono tutti dettagli,33.3333,0.0,0.0,4.4,0,0
Mi puoi parlare di una tua esperienza,Puoi parlar - ci di quell'esperienza,39.4444,0.5011,0.0,9.7,0,0
La partecipazione degli adulti è rigorosamente gratuita,La partecipazione degli adulti è gratuita,100.0,0.9977,1.0,100.0,0,0
"La seduta , sospesa alle 8.05 , è ripresa alle 8.30",La seduta sospesa alle 15. 30 è ripresa alle 16. 05,71.1806,0.736,1.0,28.0,0,0
"In caso di persistente parità , si procederà al sorteggio",In caso di ulteriore parità si procede per sorteggio,88.8889,0.8819,0.75,75.1,0,0
Intanto continua ad arrivare gente,E intanto continua ad arrivare,43.4722,0.5889,0.5,39.8,0,0
Secondo me ne vale veramente la pena,Secondo me vale la pena,100.0,0.996,1.0,100.0,0,0
"Beh , questa è una domanda strettamente calcistica",Questa è una bella domanda,66.6667,0.75,0.3333,42.7,0,0
"Anzi , sarebbe stato triste il contrario",È vero proprio il contrario,66.6667,0.5111,0.3333,21.4,0,0
La ragione di questo era molto semplice,La ragione è molto semplice,49.213,0.75,0.5714,30.2,0,0
"Un relativismo che "" non è nichilismo , al contrario",Un relativismo che non è un contrario,20.406,0.3995,0.0,13.5,0,0
Non se ne potrebbe fare a meno,Non poteva far - ne a meno,69.697,0.4747,0.5,21.2,0,0
Questa è una domanda ovviamente senza risposta,È una domanda senza risposta,53.2407,0.6313,0.6667,23.6,0,0
Questo è un altro problema ancora,Ma è stato un problema,25.754,0.3,0.0,12.7,0,0
Non sarebbe sicuramente la stessa cosa,Ma non era la stessa cosa,66.6667,0.625,0.4444,30.2,0,0
capite che non è cosa da poco,Capirete che non è cosa facile,51.5476,0.6464,0.2222,20.5,0,0
Vorrei por- le un' ulteriore domanda,Le volevo quindi porre una domanda,60.5556,0.6189,0.2222,16.2,0,0
La mia è un' idea corretta,la mia era solo un'idea,49.1667,0.0847,0.0,8.7,0,0
"Dopo la battaglia di Gaza del giugno 2007, i funzionari eletti di Hamas sono stati estromessi dalle loro posizioni nel governo dell'Autorità Nazionale Palestinese in Cisgiordania e sostituiti da membri rivali di Fatah e da indipendenti. Hamas ha mantenuto il controllo di Gaza","Dopo la battaglia di Gaza del giugno 2007, i funzionari del governo hanno dichiarato che i funzionari locali sono stati estromessi dalle loro posizioni nel governo di Fatah e da altri partiti",33.1389,0.1124,0.037,3.5,0,0
"Il sito , ovviamente , è in inglese",Il sito è in inglese e italiano,62.4369,0.6543,0.3333,21.8,0,0
"Dopo l' articolo 8 , inserire il seguente : « Art",Dopo l'articolo 8 inserire i seguenti : « Art,22.0536,0.1852,0.4286,6.0,0,0
In attesa di una vostra risposta vi saluto cordialmente e vi ringrazio,In attesa di una vostra risposta ringrazio e saluto,58.2783,0.7619,0.4444,41.4,0,0
Questo non è assolutamente sufficiente,Ma non poteva essere sufficiente,59.4444,0.535,0.2222,20.8,0,0
Perché non può far- lo da solo,Ma non può fare da solo,88.1944,0.83,0.8,76.0,0,0
"Non sarà un problema , comunque",Non è un problema nominalistico,68.1151,0.5515,0.25,20.3,0,0
Qui c' è solo un fiume,C'è un fiume,62.9167,0.487,0.25,0.0,0,0
Questo è un esempio per tutti,Questo è un piccolissimo esempio,55.5556,0.535,0.0,20.8,0,0
"Si riserva , quindi , di presentare una proposta di parere nel prosieguo dell' esame",Si riserva di presentare un proposta di parere nel prosieguo dell'esame,47.0587,0.6993,0.8182,53.7,0,0
"Invece , purtroppo , le sorprese non sono finite",Ma le sorprese non sono finite qui,66.6667,0.9577,0.8,41.1,0,0
"Non saprei dar- le una risposta , sinceramente",Non sa dar - si una risposta,61.25,0.3651,0.1818,13.1,0,0
"In particolare si dedicò al seminario diocesano e ne modificò l'insegnamento, chiamando da Bagnoregio il professor don Pietro Artemi per la scuola di retorica, ne curò la pulizia dei locali e pensò ad ingrandirne il fabbricato con l'acquisto del palazzo Cristofari","In particolare si pensò al seminarista e ne modifichiò l'insegnamento, chiamando da Bagnoli il professore, e ne curò la ricerca dei locali e pensò ad ingrandire il palazzo con l'acquisto di edifici pubblici",15.0914,0.5448,0.32,20.1,0,0
"Allora , qual è oggi la situazione",Quale è la situazione oggi,57.3611,0.6356,0.2857,19.4,0,0
Puoi far- ci un caso concreto,Può fare un caso concreto,100.0,0.996,1.0,100.0,0,0
Questo non è l' unico caso,Non è l'unico caso,19.3056,0.3814,0.8571,11.5,0,0
La collocazione editoriale delle pubblicazioni è appena sufficiente,La collocazione editoriale delle pubblicazioni è sufficiente,49.8611,0.6127,0.3636,26.6,0,0
Le leggi antisemitiche si susseguivano l’una all’altra,Le leggi antisemitiche si alternavano l ’ una all ’ altra,43.0556,0.1576,0.1053,6.8,0,0
Ma certo questa sarebbe una complicazione,Ma è una complicazione in più,62.963,0.4574,0.0,19.3,0,0
Ma ci sono ancora incertezze,Ci sono ancora troppe incertezze,45.1389,0.4331,0.2222,19.4,0,0
Casomai ne parleremo un' altra volta,Ne parleremo un'altra volta,34.623,0.1493,0.4444,9.7,0,0
La strada aperta non è quindi ignota,La strada non è quindi ignota,61.9444,0.7782,0.5714,50.8,0,0
"Nata a Roma , nel 1968",Nato a Roma nel 1968,80.5556,0.7938,0.75,66.9,0,0
"Può , inoltre , fare proposte di legge alle Camere",Può fare proposte di legge alle Camere,81.078,0.8757,1.0,72.9,0,0
La verità è là fuori,La verità è tutt'altra,61.3095,0.5215,0.3333,46.3,0,0
"La realtà , naturalmente , non è così semplice",La realtà non è così semplice,100.0,0.9977,1.0,100.0,0,0
Dovranno far- lo più volte,Dovranno far - lo lo più volte,31.9444,0.0962,0.2222,6.6,0,0
Si potrebbe dire in altro modo,Lo si può dire in un altro modo,79.8166,0.7014,0.6154,51.7,0,0
"Al comma 2 , sopprimere la parola : rappresentativi",Al comma 2 sopprimere la parola : rappresentative,100.0,0.999,1.0,100.0,0,0
L' appuntamento è per domani alle 17,L'appuntamento ora è per il 17,62.996,0.5752,0.4,43.0,0,0
La cosa importante però è un' altra,Ma la cosa più buffa è un'altra,49.6296,0.4747,0.5455,14.5,0,0
E questo sarebbe un bene o un male,È un bene o un male,88.1313,0.8676,0.8889,64.3,0,0
"In attesa di riscontro , si porgono cordiali saluti","In attesa di un vostro cortese riscontro, le porgo i miei distinti saluti",43.373,0.5943,0.2105,7.1,0,0
Questo è per me l' amore,Il suo amore per me è grande e fedele,64.9285,0.5512,0.3636,29.8,0,0
Ma nella realtà le cose stanno un pò diversamente,Ma nella realtà le cose stanno un pò diversamente,49.9158,0.7683,0.4615,31.6,0,0
"Sostituire il comma 6 , con il seguente : 6",Sostituire il comma 6 con il seguente,91.0317,0.8512,0.9231,86.7,0,0
Avevo un quesito da por- le,Ho da porre un quesito,100.0,0.996,1.0,100.0,0,0
44 ] Ma Gesù stesso aveva dichiarato che un profeta non riceve onore nella sua patria,44 Ma Gesù stesso aveva dichiarato che un profeta non riceve onore nella sua patria,100.0,0.9999,1.0,100.0,0,0
"Oggi , per questo , sono previste anche altre manifestazioni","Per questo, sono previste altre manifestazioni",63.1166,0.7934,0.6,43.5,0,0
"Non è questo un grande problema , comunque",Non è un problema politico,81.9444,0.7938,0.6667,66.9,0,0
Questo è un fatto estremamente positivo,È comunque un fatto positivo,58.0556,0.75,0.6667,39.8,0,0
"Le spese dei due gradi del giudizio , tuttavia , sussistendo giusti motivi , possono essere compensate fra le parti",Sussistono giusti motivi per compensare tra le parti le spese dei due gradi del giudizio,82.0478,0.8762,0.7586,69.0,0,0
"Che cos' è la "" tradizione",Che cos'è la tradizione,39.7222,0.8535,0.5714,21.4,0,0
"articolo 2 , inserire il seguente : « Art","Dopo l'articolo 2, è inserito il seguente : Art",33.1944,0.1835,0.4286,5.9,0,0
Tuttavia non è così semplice,Ma non deve essere così semplice,100.0,0.9977,1.0,100.0,0,0
Questo sarebbe però soltanto il primo passo,E questo sarà solo il primo passo,77.1429,0.7934,0.6,41.1,0,0
"Chiediamo , infine , la verifica del numero legale",Chiedo infine la verifica del numero legale,67.3611,0.6692,0.6154,46.2,0,0
"All' articolo 15 , il comma 4 è soppresso",Nell'articolo 15 è soppresso il comma 4,39.7756,0.6392,0.6667,27.9,0,0
è appunto questo il problema,Questo sarà il grande problema,50.8929,0.2542,0.0,11.5,0,0
è soprattutto una devastante realtà,Questa è una realtà terribile,68.75,0.5111,0.0,23.6,0,0
"Schulz, della contea di Larimer, ha attribuito l'aumento del numero di dispersi alla crescente preoccupazione di parenti e amici",Schulz dice che il fatto che ci siano più persone scomparse deriva dalla preoccupazione dei loro parenti e amici,46.0128,0.3322,0.1667,10.7,0,0
"Dostoevskij, la cui opera è spesso considerata un precursore filosofico dell'esistenzialismo, ha spesso espresso una preoccupazione simile nei suoi romanzi",Dostokovich è spesso considerato un precursore del precursore filosofico dell'esistenzialismo,7.0317,0.2457,0.2857,6.7,0,0
Questo può essere utilizzato per scalare le virgolette grafiche verso l'alto o verso il basso per adattarle a citazioni più grandi o più piccole,Questo può essere utilizzato per scalare le virule grafiche verso l'alto o verso il basso o verso la basso,21.9306,0.5437,0.6047,48.2,0,0
Vi faccio un esempio concreto,Faccio un esempio concreto,44.6429,0.5215,0.2857,27.5,0,0
Ma la sfida è stata lanciata,La grande sfida è lanciata,100.0,0.996,1.0,100.0,0,0
Questo è un problema delicato,Questo è un nostro problema,13.75,0.5111,0.0,23.6,0,0
E c' è una grande differenza,E c'è una grande differenza,43.75,0.3846,0.0,14.1,0,0
Ora tutti sanno che è andata a finire,Sappiamo che è andata a finire,65.6614,0.8067,0.5,53.7,0,0
Poi però la situazione è precipitata,Allora la situazione è precipitata,66.6667,0.7938,0.6667,66.9,0,0
Nessuno è stato in grado di stabilire se si siano presentate 20.000 o 30.000 persone,Neanche se si è in grado di stabilire se si sono presentate 20. 000 persone,17.8909,0.5699,0.5714,33.3,0,0
"Non devono pensare , altrimenti sono guai","Non dobbiamo pensare, altrimenti saranno guai",26.8939,0.3279,0.2,9.3,0,0
Perché il tuo compito non sarà facile,Questo compito non sarà facile,25.873,0.6356,0.4444,32.6,0,0
"Si passa , quindi , alla votazione degli emendamenti all' articolo 3",Si passa quindi alla votazione degli emendamenti relativi all'articolo 3,38.9749,0.6724,0.6667,32.5,0,0
Si ringrazia per l' attenzione e si inviano cordiali saluti,Si ringrazia per l'attenzione e si inviano cordiali saluti,23.3796,0.2581,0.3529,10.6,0,0
E non sarebbe una differenza di poco conto,La differenza non è di poco conto,46.1869,0.8036,0.4,27.8,0,0
Forse sarebbe la stessa cosa,è proprio la stessa cosa,70.8333,0.75,0.6667,39.8,0,0
"La Commissione prosegue l' esame , rinviato da ultimo nella seduta del 26 novembre 2003",La Commissione prosegue l'esame rinviato nella seduta del 26 novembre 2003,44.5304,0.6448,0.8182,29.0,0,0
"Era solo una bambina , dopo tutto",Era solo una bambina bambina,53.8889,0.6313,0.5,42.7,0,0
Mi sarebbe veramente di aiuto,Mi è stata di grande aiuto,76.3107,0.6464,0.2222,29.1,0,0
"Il bilancio consuntivo è costituito dalla relazione sulla gestione , lo stato patrimoniale , il conto economico e la nota integrativa","Il bilancio consuntivo è costituito dalla relazione sulla gestione, lo stato patrimoniale, il conto economico e la nota integrativa",70.1576,0.8821,0.8,74.2,0,0
"La passera di mare è caratterizzata da una pelle liscia e marrone, da macchie rosse e da una cresta ossea dietro gli occhi","La passera di mare è caratterizzata da una pelle bianca, marrone e chiara, da una cresta bianca dietro gli occhi",21.7038,0.7231,0.5641,47.3,0,0
Nessuno ha detto il contrario,nessuno ha detto il contrario,46.2963,0.75,0.5,23.6,0,0
E questo probabilmente non è un bene,E non è un bene,100.0,0.996,1.0,100.0,0,0
Ti ringrazio anticipatamente della risposta,Ti ringrazio per la tua risposta,55.754,0.5011,0.2222,18.0,0,0
Dov' è il trucco,Dove è allora il trucco,100.0,0.996,1.0,100.0,0,0
E come può fare questo,E come può fare questo,50.463,0.5515,0.4444,35.0,0,0
Non mi tornano i conti,Altrimenti i conti non tornano,66.6667,0.535,0.2222,20.8,0,0
"Saulchery è un comune del dipartimento dell'Aisne, in Piccardia, nel nord della Francia","Saulyy è un comune. Si trova nella regione Picardie, nel dipartimento dell'Aisne, nel nord della Francia",89.5738,0.9473,0.9333,94.3,0,0
"Dichiara , quindi , conclusa la seduta",Dichiara quindi conclusa la seduta,100.0,0.996,1.0,100.0,0,0
Per ora sono limitati a due combinazioni di colori e possono cantare tre nuove canzoni e ballare,Sono limitati a due combinazioni di colori e possono cantare tre canzoni diverse,25.6174,0.7095,0.7143,55.4,0,0
"Rinvia , pertanto , ad altra seduta il seguito della discussione",Rinvia quindi il seguito della discussione ad altra seduta,66.1111,0.7687,0.625,29.8,0,0
Anche questo è un effetto della globalizzazione,Questo è un effetto della globalizzazione,50.4924,0.7014,0.5,38.0,0,0
"Com' è la situazione , oggi",ed ora com'è la situazione,27.7778,0.8164,0.5714,21.4,0,0
Non è una novità irrilevante,Non è una novità assoluta,83.3333,0.6468,0.75,44.8,0,0
Adesso il tempo è finito,Il tempo debito è finita,25.1984,0.5111,0.3333,12.7,0,0
Ne varrebbe davvero la pena,Ma ne varrà davvero la pena,73.6111,0.8067,0.6,38.0,0,0
Me l' ha fatto un mio amico,Così ho fatto un mio amico,25.0,0.0,0.0,4.1,0,0
Questo è il punto cruciale,Questo è il vero punto critico,28.2407,0.3922,0.2857,9.7,0,0
"C' è una differenza , anche se sottile",C'è una sottile ma sostanziale differenza,43.1944,0.9498,0.5,18.0,0,0
Questo non è una novità,Quest'ultima non è una novità assoluta,80.0,0.6385,1.0,64.3,0,0
piano piano non c' è fretta,Non c'era alcuna fretta,59.1667,0.4406,1.0,27.5,0,0
Alcuni sono persino in buona fede,Magari sono anche in buona fede,66.6667,0.7353,0.4444,30.2,0,0
"Montchâlons è un comune del dipartimento dell'Aisne, in Piccardia, nel nord della Francia","Montchâl è un comune. Si trova nella regione Picardie, nel dipartimento dell'Aisne, nel nord della Francia",89.5738,0.9473,0.875,94.3,0,0
"Le relative deliberazioni sono adottate , a maggioranza dei presenti",Le deliberazioni vengono adottate a maggioranza dei presenti,71.6162,0.8919,0.8,67.5,0,0
Avviene ( ovviamente ) esattamente il contrario,"Anzi, avviene esattamente il contrario",76.6667,0.7782,0.75,50.8,0,0
Ma cosa gli può essere successo,Ma che cosa può essere successo,94.0741,0.9765,0.8889,50.8,0,0
Ed è un errore,Ed è un grande errore,100.0,0.996,1.0,100.0,0,0
"Almeno , questa è la mia convinzione",è questa la mia personale convinzione,57.8241,0.526,0.0,19.3,0,0
"Chissà , i presupposti ci sono tutti",Ci sono tutti i presupposti,100.0,0.996,1.0,100.0,0,0
"Purtroppo , però , le cose stanno in modo diverso",Purtroppo le cose stanno in modo diverso,61.3095,0.7577,0.7692,70.1,0,0
"Il risultato , comunque , è sotto gli occhi di tutti",I risultati sono sotto i nostri occhi,36.3591,0.4227,0.2857,14.8,0,0
"Un film , comunque , da vedere",un film da vedere comunque,79.6296,0.7938,0.75,66.9,0,0
Che è stata un successo,È stato certamente un successo,100.0,0.996,1.0,100.0,0,0
Ha sostituito i segnapunti ambulanti con volontari dotati di laser - ne servono circa 350 per ogni evento - per misurare i drive roboanti di Bubba Watson e i birdie in tap-in di Tiger Woods,"Ha sostituito i marcatori. Circa 350 volontari dotati di laser misurano i colpi dei giocatori di golf, come i birdie di Tiger Woods",55.4316,0.6689,0.4737,28.9,0,0
E questo è molto grave,Tutto questo è molto grave,47.1429,0.4331,0.3333,23.0,0,0
questo s' è proprio montato la testa,c'è una testa strana,50.0,0.1282,0.0,5.9,0,0
Questa è una storia molto più lunga,Questa è una lunga storia,65.7407,0.75,0.3333,42.7,0,0
Questo è un dilemma ora,Ma è un mio diletto,50.0,0.1695,0.0,10.4,0,0
La risposta è semplice : SI,La risposta è abbastanza semplice,49.3056,0.5111,0.0,23.6,0,0
"Beh , questo è un altro discorso",È tutto un altro discorso,35.1852,0.6356,0.5714,32.6,0,0
L' emendamento è stato respinto,Quindi l'emendamento deve essere respinto,31.8056,0.0847,0.25,10.7,0,0
La questione è tutta qui,E la questione è proprio tutta qui,62.9167,0.4827,0.25,13.1,0,0
"Non c’è modo di diventare più intimi, ecco il punto",Non c ’ è un modo di diventare amici,45.0,0.2083,0.0,4.8,0,0
"L' emendamento 4.2 , posto ai voti , è respinto",Posto ai voti l'emendamento 10. 2 è respinto,58.5317,0.5378,0.4286,22.3,0,0
Mi trovo molto molto bene,Mi sono trovato molto bene,95.8333,0.996,1.0,100.0,0,0
"È una pianta erbacea , alta da 10 a 40 cm",È una pianta alta da 10 cm fino a 40 m,100.0,0.9996,1.0,100.0,0,0
Qual è esattamente il suo parere,Ma qual è il suo parere,74.9074,0.9765,0.5714,50.8,0,0
"Un problema , però , c' è",C'è però qualche piccolo problema pratico,43.75,0.4688,0.0,6.9,0,0
e dove sarebbe il problema,E dunque qual è il problema,45.8333,0.0,0.0,4.1,0,0
Ce ne sono tanti sotto gli occhi di tutti,È stato sotto gli occhi di tutti,100.0,0.9985,1.0,100.0,0,0
"L' orario giornaliero di lavoro sarà esposto in apposita tabella , da affigger- si secondo le norme di legge",L'orario invernale di lavoro sarà esposizione in apposita tabella di legge da affittere secondo le norme di legge,54.388,0.4571,0.3529,24.6,0,0
"Muore a Napoli , nel 1704",Morì a Napoli nel 1704,63.1019,0.7938,0.75,66.9,0,0
"A partire dalla pubblicazione iniziale di XML 1.0, sono state sviluppate numerose specifiche strettamente correlate a XML. Spesso il termine `` XML'' viene usato per riferirsi a XML insieme a una o più di queste altre tecnologie che sono state considerate parte del nucleo di XML","A partire dalla pubblicazione originale di XML 1. 0, sono state create tre serie di strettamente correlate a XMPP. Ogni parola può essere usata per indicare un numero di informazioni che sono state considerate parte del nucleo di Xml",34.0211,0.1429,0.0,1.0,0,0
Resterà in carcere fino al 1991,In carcere restano in 1972,83.75,0.7938,0.75,66.9,0,0
"Conseguentemente , all' articolo 5 , sostituire il comma 2 con il seguente : « 2",All'articolo 5 : il comma 2 è sostituito dal seguente : « 2,43.9759,0.5516,0.3158,16.7,0,0
"Nessuno altro chiedendo di intervenire , la Commissione approva la proposta del relatore","Nessun altro chiedendo di intervenire, la Commissione approva la proposta del relatore",50.5728,0.8893,0.8571,57.8,0,0
"La Commissione prosegue l' esame congiunto , rinviato nella seduta del 7 ottobre 2004",La Commissione prosegue l'esame rinviato da ultimo nella seduta del 7 ottobre 2004,44.7079,0.7588,0.8333,49.7,0,0
Quindi effettivamente questo è un grande problema,Questo è un grande problema,50.463,0.6356,0.2857,19.4,0,0
Alcune poesie sono state pubblicate in antologie,Alcune poesie sono state pubblicate in antologia,36.7063,0.5646,0.3077,16.1,0,0
La realtà è però estremamente più complessa,La realtà è più complessa,85.5556,0.8441,0.8571,54.8,0,0
"Potrebbe , ma la realtà è un' altra",La realtà purtroppo è un'altra,44.5833,0.3758,0.5,19.4,0,0
è stata aperta un' inchiesta,Un'altra inchiesta è stata aperta,67.4074,0.5836,1.0,54.8,0,0
Per ulteriori informazioni consultare il sito,Per ulteriori informazioni si può consultare il sito,66.6667,0.8294,0.6154,34.6,0,0
"Ha 12 anni , forse , meno","Ha 12 anni, forse più recente",62.5,0.9577,0.75,61.5,0,0
"L'indianizzazione fu ritenuta un vero e proprio processo di civilizzazione, in cui i popoli locali erano grossomodo recipienti passivi, oltre che dai teorici della ""Grande India"", come Majumdar (che formularono ipotesi di evangelizzazione su larga scala da parte di bramini o colonizzazione vera e propria da parte di gruppi di indiani, della casta dei mercanti o dei guerrieri), dalla generazione di studiosi che si occuparono della decifrazione delle culture del sudest asiatico in epoca coloniale, come Coedès, autore di Les états hindouisés d'Indochine et d'Indonésie, e nelle sintesi di lavori precedenti come la monumentale A history of Southeast Asia di D.G.E.Hall. Il concetto venne sottoposto a una revisione critica nei decenni successivi da autori come Mabbett, che indicò anche l'opportunità di evitare la percezione della cultura indiana come un monolite omogeneo che gli appariva caratteristica dei sanscritisti","L'indianizzazione della cultura indiana fu considerata un'autorità di civilizzazione, in cui i popoli che si stavano muovendo velocemente, erano grosso modo legati ai teorici della cultura Indiano. Il concetto di "" Neppure "" era portato a lungo da altri paesi, come l'India occidentale",6.554,0.1383,0.1257,2.3,0,0
Però faccio solo un' ipotesi,Ma facciamo un'ipotesi,42.9167,0.0,0.2857,0.0,0,0
Non esiste una terapia risolutiva,Non esiste una sola terapia sintomatica,54.3651,0.5011,0.2222,18.0,0,0
E questo potrebbe essere un segnale importante,Questo era un cattivo segnale,37.9167,0.2542,0.0,10.4,0,0
"Il 30 luglio seguente fa il suo esordio con la maglia degli Hammers, nel terzo turno preliminare di Europa League contro i rumeni dell'Astra Giurgiu, rendendosi suo malgrado protagonista dell'autogol che vale il 2-2 finale","Il 30 luglio seguente fa la parte degli Hamburg, nel terzo turno preliminare di Europa League contro i rumeni dell'Astra Giurgi, rendendone il secondo turno dell'assist che vale il 2 - 2",30.7977,0.6202,0.5672,52.4,0,0
Questa è una delle domande,Questa è una domanda più difficile,76.1905,0.5752,0.4444,43.0,0,0
Sono laureata in Lingue e Letterature Straniere ( inglese / francese,"Sono laureata in Lingue e Letterature Straniere ( inglese, francese e francese",66.2281,0.8893,0.7368,66.5,0,0
Non ne ho proprio idea,Non ne ho proprio la minima idea,69.6296,0.9654,0.7273,41.1,0,0
E questo non è un film,Non è un film recente,55.5556,0.6356,0.5714,38.7,0,0
"La Commissione prosegue l' esame congiunto , rinviato nella seduta del 15 luglio 2004",La Commissione prosegue l'esame rinviato nella seduta dell'15 luglio 2004,34.0332,0.5727,0.6957,22.1,0,0
Insomma non è tutto oro quello che luccica,Non è tutto oro quello che luccica,43.4066,0.5397,0.3636,14.3,0,0
"Beh , è proprio un bel risultato",Ed è un bellissimo risultato,44.6627,0.4331,0.0,19.4,0,0
Spese del presente grado di giudizio compensate,Le spese del presente grado di giudizio possono essere compensate,77.1429,0.8723,0.7059,66.1,0,0
Quali sono i passi ulteriori,Quali sono i passi successivi,33.3333,0.0,0.0,5.3,0,0
"Per il resto , non saprei",Per il resto non so,76.6667,0.6727,0.6667,54.8,0,0
Non era una messa in scena,Non è una messa in scena,100.0,0.9977,1.0,100.0,0,0
Spero di aver fatto un pò di chiarezza,Spero di fare un pò di chiarezza,20.1209,0.2885,0.2,14.5,0,0
"Circa 12000 anni fa la temperatura del pianeta ricominciò ad alzarsi, i ghiacci iniziarono a sciogliersi, le piogge ripresero a cadere: finiva l’Era glaciale e aveva inizio l’Era temperata, nella quale viviamo ancora oggi","Circa 1200 anni fa la temperatura del pianeta tornò ad alzarsi, i ghiacci iniziarono a cadere, le piogge iniziano a cadere per terra",31.3577,0.2374,0.1176,6.6,0,0
Nel 2004 è stato nominato Ambasciatore di grado,Nel 2004 è stato nominato Amnesico di gradimento,33.8889,0.3945,0.1538,13.1,0,0
Per maggiori informazioni visitate la pagina,Per maggiori informazioni visitare la pagina,77.9365,0.8535,1.0,43.0,0,0
Mi sono persa un passaggio,mi sono persa qualche passaggio,63.254,0.75,0.5,23.6,0,0
I risultati sono : 1,I risultati sono stati 1,51.5741,0.6356,0.5,35.0,0,0
C' è però una complicazione,Ma è una complicazione in più,55.6151,0.4574,0.0,19.3,0,0
Non dobbiamo far- ci illusioni,Non dobbiamo far - ci soverchie illusioni,21.2963,0.5174,0.6,15.6,0,0
Perché le cose non ti vanno bene,Perché le cose non andavano bene,46.9444,0.4907,0.4,30.2,0,0
Sono stati piantati in alcuni luoghi per abbassare la falda freatica e ridurre la salinizzazione del suolo,Sono stati piantati in alcuni luoghi per abbassare la falda fremitiva e ridurre la saliva del suolo,44.4577,0.6902,0.6471,56.0,0,0
Questo è un altro discorso,Quesot è un altro discorso,35.4167,0.3758,0.0,15.8,0,0
"articolo , inserire il seguente : « Art",Dopo l'articolo 75 è inserito il seguente : Art,28.3225,0.413,0.5714,18.0,0,0
Non sarebbe una brutta idea,Non è solo una bella idea,71.8519,0.6189,0.0,19.3,0,0
"Le cose , naturalmente , non stanno così",Ma fortunatamente le cose non stanno solo così,61.7791,0.7806,0.5,36.6,0,0
Questo è un buon segno,Ed è un buon segno,100.0,0.996,1.0,100.0,0,0
"I problemi , tuttavia , sono molti","Tuttavia, vi sono alcuni problemi",45.1587,0.098,0.0,8.1,0,0
Questo sarebbe un falso problema,Questo è il grande problema,67.6389,0.5111,0.0,23.6,0,0
Quindi non posso dar- le una risposta neanche su questo,Non posso dare una risposta,100.0,0.996,1.0,100.0,0,0
Allora non sono il solo,Ma non sono il solo,52.1429,0.6356,0.4444,24.7,0,0
"Thrymr ha un diametro di circa 5,6 chilometri e orbita attorno a Saturno a una distanza media di 20.810 Mm in 1120,809 giorni, con un'inclinazione di 175 rispetto all'eclittica, in direzione retrograda e con un'eccentricità di 0,453","Thym ha un diametro di circa 5, 6 chilometri e orbita attorno a Saturno a una distanza media di 20. 810. 000 km in grado di misurare velocità media di gravità fino all'eclittica e con un'eccentricità di 0, 453",35.0157,0.633,0.675,28.5,0,0
Quindi non facciamo- ci illusioni,Ma non dobbiamo comunque far - ci troppe illusioni,79.2063,0.8179,0.7692,29.8,0,0
Perchè la mia risposta è sempre la stessa,La risposta è stata sempre la stessa,61.455,0.9308,0.5,30.7,0,0
Ma questo non è un film,Ma non è un film,54.6296,0.6356,0.5714,23.0,0,0
è un' occasione che non possiamo perdere,è un'occasione da non perdere,52.4008,0.5515,1.0,35.0,0,0
Questa è una brutta storia,È una storia vecchia,52.9762,0.6009,0.4,24.9,0,0
Vi ringrazio per la disponibilità e vi porgo cordiali saluti,La ringrazio per la sua disponibilità e le porgo cordiali saluti,62.4074,0.5651,0.4,18.4,0,0
Più chiaro di così non si può essere,Più squallida di così non può essere,34.2063,0.6371,0.3333,27.8,0,0
"9 ] Quando di notte cadeva la rugiada sul campo , cadeva anche la manna","9 Quando di notte cadeva la rugia sul campo, cadde anche la manna",40.5482,0.6065,0.32,19.0,0,0
"Insomma , siamo proprio alla frutta","Caro jack, siamo alla frutta",100.0,0.9977,1.0,100.0,0,0
Qui c' è un' occasione da non perdere,È veramente un'occasione da non perdere,28.9286,0.5435,0.8889,30.2,0,0
Forse la bambina può ancora essere salvata,Forse la bambina può essere salva,40.873,0.3676,0.2222,16.2,0,0
"Sarà un caso , o forse no",Può essere solo un caso,60.5556,0.3178,0.2857,17.5,0,0
Glielo dice un bambino che c' era,Mi dice un bambino che c'era,37.3611,0.3276,0.3636,15.2,0,0
"Ma non è tutto rose e fiori , naturalmente","Naturalmente, non sono tutte rose e fiori",70.1389,0.9736,0.8333,54.1,0,0
"Propone , infine , di esprimere parere non ostativo sui restanti emendamenti",Sui restanti emendamenti propone di esprimere un parere non ostativo,76.7514,0.996,0.8889,58.1,0,0
E questo è solo il primo passo,è stato il primo passo,100.0,0.996,1.0,100.0,0,0
Non sarebbe un problema da poco,Non è un problema,68.2143,0.5597,0.2857,16.7,0,0
"Come si combatte , allora , il terrorismo",Come combattere allora il terrorismo,61.8056,0.4642,0.2,17.0,0,0
Questa non è casa mia,Non è mica solo mia la casa,61.1111,0.607,0.0,15.6,0,0
Forse è proprio qui la differenza,La differenza è stata tutta qui,100.0,0.9977,1.0,100.0,0,0
L'equazione di Dirac è l'equazione d'onda che descrive in modo relativisticamente invariante il moto delle particelle a spin semintero (fermioni,L'equazione di Dirac è un equazione d'onda che descrive in modo approssimativo il moto delleteroidi a spin graduato ( fermo o fermissimi,37.0283,0.6467,0.5263,29.4,0,0
Ma non è certo l' unico caso,Non è l'unico caso,63.3929,0.4406,0.0,11.5,0,0
"Sostituire i commi 3 e 4 con il seguente : "" 3",I commi da 3 a 4 sono sostituiti con i seguenti : 3,100.0,0.9998,1.0,100.0,0,0
Tolstoj credeva che l'essere cristiano gli imponesse di essere pacifista; le conseguenze dell'essere pacifista e l'apparente inevitabilità della guerra da parte del governo lo resero un anarchico filosofico,Tolstoj credeva che l'essere cristiano gli imponesse di essere pacifista ; le conseguenze dell'essere umano furono un anarchico e l'impedimento della guerra da parte del governo lo renderono un leader liberale,40.2723,0.3786,0.12,7.3,0,0
"L' articolo 4 , infine , dispone l' entrata in vigore della legge per il giorno successivo a quello della sua pubblicazione in Gazzetta Ufficiale",L'articolo 4 dispone l'entrata in vigore della legge per il giorno successivo alla sua pubblicazione nella Gazzetta Ufficiale,71.7527,0.74,1.0,71.3,0,0
"È accaduto , invece , esattamente il contrario",Invece è accaduto esattamente il contrario,63.3333,0.7353,0.5,32.5,0,0
E tutto tornerà come prima,Tutto deve tornare come prima,100.0,0.996,1.0,100.0,0,0
non mi è molto chiara questa cosa,Questa cosa non è assolutamente professionale,77.7778,0.6615,0.5,50.8,0,0
"Un altro mondo non è solo possibile , bensì indispensabile",Un altro mondo non è possibile,55.7479,0.8535,0.6667,67.3,0,0
"Sussistono , tuttavia , giusti motivi per compensare integralmente tra le parti le spese di giudizio",Sussistono comunque giusti motivi per compensare tra le parti le spese di giudizio,76.1571,0.9064,0.7826,75.4,0,0
"Le sorprese , dunque , non sono finite",Ma le sorprese non finirono,86.1111,0.7938,0.75,66.9,0,0
"Naturalmente , non sono tutte rose e fiori",Non sono tutte rose e fiori ovviamente,100.0,0.9985,1.0,100.0,0,0
E questo è già un grande successo,è stato un grande successo,49.3056,0.5515,0.25,28.6,0,0
Non è solo un film sperimentale,Non è un un film commerciale,72.381,0.7353,0.5714,35.9,0,0
Tutto è cominciato un anno fa,Tutto è cominciato qualche anno fa,64.0741,0.625,0.25,32.5,0,0
è alto poco più di un metro,È alto più di un metro,39.8106,0.5088,0.5455,36.4,0,0
Allora il punto è proprio questo,Il punto è proprio qui,35.4167,0.3,0.0,12.7,0,0
"Qui , purtroppo , non sono d' accordo",Non sono del tutto d'accordo,30.0397,0.2757,0.4,8.7,0,0
E tutto sarebbe tornato come prima,Tutto deve tornare come prima,100.0,0.996,1.0,100.0,0,0
è molto facile e divertente,Ed è stato molto divertente,55.8532,0.5111,0.0,23.6,0,0
"Si sostituisca il comma 1 dell' articolo 20 con il seguente : "" 1",Il comma 1 dell'articolo 20 è sostituito con il seguente : 1,33.307,0.5215,0.7368,16.7,0,0
"Ma non c’era più nessuno e sul banchetto c’era un biglietto con su scritto ‘categoria completa’, e quindi Effy non avrebbe più potuto iscriversi alla gara","Ma non c ’ era nessuno e sul banchetto c ’ erano posti con scritto ` ` categoria completa ’ ’, e quindi Effy non poteva iscriversi alla gara",15.9088,0.7074,0.6122,25.7,0,0
"L' emendamento 4.91a , posto ai voti , è respinto","Posto ai voti, tale emendamento è respinto",56.1706,0.632,0.3636,38.3,0,0
Solo il tempo potrà dir- lo,Potrà dir - lo solo il tempo,52.1789,0.7934,1.0,43.5,0,0
"Avverte , inoltre , che il relatore ha presentato alcuni nuovi emendamenti ( vedi allegato",Avverte che il relatore ha presentato un emendamento ( vedi allegato,57.791,0.8137,0.6667,58.8,0,0
Non è mica una novità da poco,Non è questo certo una novità,30.1852,0.7353,0.2857,23.0,0,0
"A quel punto, Effy nascose tutte le torce e fece dei rumori sinistri finché tutti si spaventarono e strillarono e la costrinsero a restituire le torce","A quel punto, Effy nascose tutte le torce e fece dei rumori sinistri finché tutti si spaventarono e cominciarono a piangere",27.3231,0.7445,0.7556,68.9,0,0
Non si tratta assolutamente della stessa cosa,Non si tratta di poca cosa,100.0,0.9977,1.0,100.0,0,0
Oggi evidentemente le condizioni sono cambiate,Ma ormai le condizioni sono cambiate,66.6667,0.7782,0.6667,50.8,0,0
"Già , come faccio a dir- lo",E soprattutto come fare a dir - lo,63.2961,0.8294,1.0,54.1,0,0
è una questione di rispetto,è anche una questione di rispetto,100.0,0.9977,1.0,100.0,0,0
E questa è una realtà,è una realtà terribile,40.4762,0.5215,0.0,27.5,0,0
"Egli affermò che l'escissione doveva essere radicale e che tutto il tessuto malato doveva essere rimosso, il che includeva l'uso dell'amputazione o la rimozione delle vene che correvano in direzione del tumore","Egli affermò che l'uscissione doveva essere radicale e che tutto il tessuto malato doveva essere isolato, il che significava l'uso dell'amputare o la rimuoveva in direzione del tumore",34.2193,0.6773,0.6032,45.8,0,0
"In caso di mancata pubblicazione dei decreti di programmazione annuale , la determinazione delle quote e disciplinata in conformità con gli ultimi decreti pubblicati ai sensi del presente testo unico nell' anno precedente","In caso di mancata pubblicazione dei decreti di programmazione annuale, la determinazione delle quote è disciplinata in conformità con gli ultimi decreti pubblicati ai sensi del presente testo unico nell'anno precedente",65.34,0.9114,1.0,85.7,0,0
"Ma , ovviamente , questo non è sufficiente",Ma non poteva essere sufficiente,42.9563,0.3,0.0,14.1,0,0
Questo è un altro punto importante,Questo è un altro punto incerto,28.7927,0.83,0.75,76.0,0,0
Invece è proprio vero il contrario,È vero proprio il contrario,68.5185,0.75,0.3333,23.6,0,0
La Commissione unanime esprime quindi il seguente giudizio complessivo : appena sufficiente,La Commissione unanime esprime quindi il seguente giudizio complessivo : sufficiente,66.2698,0.8399,0.8421,81.6,0,0
Ma di questo potremmo parlare un' altra volta,Ma di questo parleremo più diffusamente un'altra volta,47.1296,0.5011,0.5333,16.5,0,0
Sarebbe proprio una bella idea,è stata una grande idea,77.5132,0.6356,0.2857,35.0,0,0
"Le sorprese , comunque , potrebbero non essere finite","Le sorprese, tuttavia, non erano finite",54.6296,0.5091,0.2,7.3,0,0
Cosa si può fare per migliorare il mondo,Cosa possiamo fare per migliorare il mondo,100.0,0.9985,1.0,100.0,0,0
Quali sono i passaggi più spettacolari,Quali sono i passi principali,41.5873,0.5889,0.5,39.8,0,0
36 Il lavoratore ha diritto ad una retribuzione proporzionata alla quantità e qualità del suo lavoro e in ogni caso sufficiente ad assicurare a sé e alla famiglia un' esistenza libera e dignitosa,36 - Il lavoratore ha diritto ad una retribuzione proporzionata alla quantità e qualità del suo lavoro e in ogni caso sufficientemente ad assicurare a sé e alla sua famiglia un'esistenza libera e dignitosa,77.4348,0.9217,1.0,89.4,0,0
"Qual è la sua ricetta , allora",La sua ricetta qual è,45.2742,0.8203,0.5714,24.7,0,0
La proposta è stata accolta,La proposta fu accolta unanimemente,76.3889,0.75,0.5,42.7,0,0
"La situazione , purtroppo , è sotto gli occhi di tutti",La situazione economica è sotto gli occhi di tutti,66.6667,0.735,0.625,48.9,0,0
"Domanda utilizzando esclusivamente il modello 47754 indirizzato alla Giunta comunale di competenza, con l'indicazione dettagliata dell'oggetto e delle argomentazioni a sostegno del ricorso medesimo e a controdeduzione dei motivi contenuti nel provvedimento di primo grado",domandare esclusivamente il modello 47454 indirizzato alla Giunta comunale di competenza dell'oggetto e quindi le argomentazione a supporto del ricorso medesimo e a favore del ricorrente,16.4568,0.4286,0.3871,24.6,0,0
Vi era tuttavia un rovescio della medaglia,È il rovescio della medaglia,100.0,0.996,1.0,100.0,0,0
E questa è una guerra,Questa è una guerra come nessun'altra,52.6984,0.5773,0.25,30.2,0,0
articolo 119 della Costituzione sostituito dal seguente,"L'articolo 119 della Costituzione è sostituito dal seguente : "" Art. 135",53.5816,0.6344,0.8889,52.4,0,0
E quello dei laziali non è un caso isolato,E non è un caso,86.5242,0.8441,0.8571,81.9,0,0
"articolo 37 , aggiungere il seguente : « Art",Dopo l'articolo 37 aggiungere il seguente : « Art,43.0769,0.4733,0.7143,18.9,0,0
Non si capisce più niente,Non voglio capire più niente,66.6667,0.5111,0.25,23.6,0,0
Potrebbe essere quello il problema,Il problema è proprio quello,100.0,0.996,1.0,100.0,0,0
"In definitiva , quindi , l' appello deve essere rigettato",L'appello deve essere rigettato,39.3849,0.5077,1.0,46.3,0,0
Ma forse il problema è un altro,Il vero problema sono sempre gli altri,100.0,0.9985,1.0,100.0,0,0
Ci fu un lungo silenzio,Ci fu un altro silenzio,47.2222,0.1695,0.0,10.4,0,0
"La seduta , sospesa alle 9.35 , riprende alle 20",La seduta sospesa alle 10. 35 riprende alle 14. 35,65.609,0.7011,0.4706,25.2,0,0
Si tratta probabilmente di un errore,Si tratta di un gravissimo errore,76.3889,0.8067,0.6,53.7,0,0
È stata una cosa da nulla,È stata una cosa strana,45.8333,0.535,0.0,20.8,0,0
